edad,sexo,periodo_academico,nota_primer_parcial,nota_segundo_parcial,nota_tercer_parcial,promedio_previo,total_accesos_lms,tiempo_total_conexion_min,tareas_entregadas,tareas_totales,participaciones_foro,asistencias,clases_totales,retroalimentaciones_docente,nota_final,id_anonimo,riesgo_academico,ratio_tareas,ratio_asistencia,engagement_score,probabilidad_riesgo
21,M,2025-II,7,17,20,7.5,81,623,7,10,6,29,30,17,15,8193c2550e10dabbd7e0a6a5ffb86a5f45101866528a224487c215a346e39fe1,0,0.7,0.9666666666666667,221.1,0.025
19,M,2025-II,5,18,15,10.9,273,1999,8,10,9,18,30,15,13,c10af1176b90f74a48f8d6a15079a8f3b759da651dc562134c2303e71f5ee005,0,0.8,0.6,711.5999999999999,0.165
20,F,2025-II,12,13,16,7.7,177,1247,10,10,8,21,30,12,14,0961354856309f810525c4da07725f5ddf0eef0d0e16630ef446f765621c4b47,0,1.0,0.7,447.29999999999995,0.0
17,M,2025-II,14,11,15,14.2,380,2611,7,10,7,25,30,20,13,d8facb26e30faec8ff0d1bca61c53a6f8c93d884f62e871ee4cd8649e6e3b5e9,0,0.7,0.8333333333333334,937.4,0.01
20,M,2025-II,19,19,16,15.2,135,761,9,10,12,25,30,11,18,3643475f214cedbeec38d87774ecfbe3dc85079e40efa1c771f1f75863763115,0,0.9,0.8333333333333334,285.9,0.0
20,F,2025-II,10,7,15,7.4,219,1235,7,10,6,21,30,18,11,f34a88238e3ce681532426319c5809ddf1e94670709fa2756c4153de3db2c97b,0,0.7,0.7,459.9,0.11
18,M,2025-II,18,17,18,7.5,313,670,8,10,11,23,30,10,18,c5ab685f1f796ada1c6d2ac31bf5e00bbe9f5c10fdc2fd5b1b8cb977bebdc703,0,0.8,0.7666666666666667,329.5,0.02
21,M,2025-II,17,12,15,17.4,260,1191,10,10,7,23,30,20,15,ce6f2afaa5354974ea4768d38ffc0fa107acf7aef6164b19574b2e4da88e8b5f,0,1.0,0.7666666666666667,463.4,0.0
18,F,2025-II,14,7,20,13.0,370,1744,9,10,10,29,30,10,14,1e8294cb31a04cd6f3e2d76d7f757c58ed00e9088e3614d65c67061c8ff1d8e0,0,0.9,0.9666666666666667,674.1999999999999,0.015
18,M,2025-II,11,17,20,19.8,197,996,9,10,7,29,30,17,16,27d44a99778aed9059e08323dccb4e6fa335b59988467ebdc50396245ff6c135,0,0.9,0.9666666666666667,379.70000000000005,0.02
18,M,2025-II,15,13,12,14.0,247,3136,10,10,6,26,30,12,13,4ac1a6c0b89d3780350916f14031b2299ee6c45c9fc3c80b85effce7ff487c7f,0,1.0,0.8666666666666667,1041.3999999999999,0.0
21,M,2025-II,14,18,20,5.5,352,3599,7,10,12,20,30,8,17,74621a83e276c2d4e210dbfde27b436909c141bdc7232e5030217ed6cdf92194,0,0.7,0.6666666666666666,1224.1000000000001,0.01
21,M,2025-II,10,15,13,5.7,224,1196,9,10,8,26,30,11,13,68810f95f7d28be695dd2519048cd0f5516a5d7e19ac4ec59305ed44c0feb78d,0,0.9,0.8666666666666667,450.8,0.0
20,M,2025-II,19,14,12,7.8,167,3911,7,10,11,29,30,15,15,e7d0d0fa4aa1058e349ab02165a127b84906c22f0174045e7ef0750690326cae,0,0.7,0.9666666666666667,1243.3999999999999,0.03
20,F,2025-II,16,16,15,10.7,124,2483,8,10,7,25,30,16,16,a9c23215dc218423ae40be1dca60502052a187d5832392acc2f38e4e143ffec9,0,0.8,0.8333333333333334,796.6,0.0
20,M,2025-II,6,8,13,6.1,278,830,8,10,8,20,30,16,9,6249d292d9e4f2ffd91c4172b48c6060ebbaef4a4b92f35dd29b86a03054e146,1,0.8,0.6666666666666666,362.6,0.635
17,F,2025-II,8,12,12,18.7,292,1628,10,10,7,21,30,14,11,41d8c17d0b7e7265e36442d8590898944ba23f470d572209b9dbc8f6b7d02b0a,0,1.0,0.7,607.3,0.06
18,M,2025-II,8,13,17,6.1,250,2910,7,10,8,30,30,14,13,3a99bac14b3cdc6f1ccbeb245ff275914988f08ae54a482b8477a1f094e751a4,0,0.7,1.0,975.4,0.005
21,F,2025-II,15,19,17,15.8,162,2073,8,10,11,30,30,14,17,a766bff36c04fe0988498c1c537e03baa15995ed6385890329c752c868f8d6b0,0,0.8,1.0,690.0,0.0
17,M,2025-II,16,16,15,11.2,400,3965,10,10,8,30,30,17,16,20e08ab2a33ef81f093ba754e914beed9a37d67f818a9b2d19e39f22209405e4,0,1.0,1.0,1351.9,0.015
17,M,2025-II,19,10,20,7.1,323,1719,10,10,4,22,30,17,16,e1d3dc0e7f5212800637e4efcba6ec4fcb7439bb41bd3b660ea9c4e9059a416c,0,1.0,0.7333333333333333,646.0999999999999,0.025
18,F,2025-II,9,7,17,20.0,245,2040,8,10,12,29,30,10,11,8b88e4f8b00533a8ad5387e47a90783cc5ea0633930722b4a5b56ce8499a3adb,0,0.8,0.9666666666666667,713.6,0.355
20,F,2025-II,17,17,20,20.1,155,3851,8,10,6,24,30,13,18,6f46188cb07e22cf61853ece79ce5880f93c797c535360b46e6666d9ec850ee2,0,0.8,0.8,1219.1,0.02
21,M,2025-II,9,7,14,18.6,360,2016,8,10,4,21,30,6,10,4e21ef1f09b118b6d331391e9cc8dfb7ff3e737b6c05dbd4e9989f3231344d30,1,0.8,0.7,750.0,0.69
21,F,2025-II,7,6,19,9.8,159,757,9,10,9,24,30,8,11,c02bc923a621ea4e2741bd426c85289d6150f845e1e48b6119deac53bab2fec0,0,0.9,0.8,293.4,0.155
20,M,2025-II,14,19,17,11.9,268,1896,7,10,4,27,30,12,17,1cdc080d9befe5d8adb02345797f6cc1087d5e9f38d751e81458b9c0e4d7443b,0,0.7,0.9,677.1999999999999,0.0
18,M,2025-II,13,15,20,7.2,113,2276,8,10,4,26,30,11,16,383ea2b4819841e524b0a6d77d1aeb66b212b93da492d19e11858440ef1e4365,0,0.8,0.8666666666666667,729.1999999999999,0.015
18,F,2025-II,8,13,20,10.9,251,2960,9,10,6,25,30,7,14,45d41624ea483990a0bf0aa511c950b24ae6cba76e5c4ef06303ff86707117f7,0,0.9,0.8333333333333334,990.2,0.005
18,M,2025-II,13,11,15,16.9,60,2321,8,10,8,18,30,7,13,ad4c41726a0a4156e5454445d14994a48df198fe2d054d8d0cad485657a61c1d,0,0.8,0.6,722.6999999999999,0.015
18,F,2025-II,11,7,18,12.1,266,2036,7,10,6,27,30,11,12,f63cc085905fef86dbb14c49976aa94fd99d52e1c2c1d0bfb54caa7e23be6d36,0,0.7,0.9,719.0,0.055
21,M,2025-II,12,13,13,18.4,353,1058,7,10,9,18,30,14,13,8b4c3f5cd92efcbaa09872535f2a8a4f214b04233c13cdbb1171160c7ce4f8e9,0,0.7,0.6,461.29999999999995,0.01
17,F,2025-II,6,11,19,7.7,218,1405,8,10,6,26,30,16,12,c5f818de9b220fdb7d060d44e7e7ca5935e1d870c91bfaeae76464d1acdb8f6f,0,0.8,0.8666666666666667,510.5,0.17
18,F,2025-II,18,17,14,10.1,49,1008,10,10,11,24,30,7,16,c6eac700433852194588619cb50106b4d1c2e58bd013c95ab505ca6bcc9af2eb,0,1.0,0.8,325.29999999999995,0.0
17,M,2025-II,14,14,19,19.2,193,3523,7,10,8,21,30,20,16,6cfcbda531236389411c18185261aaa2e080656164101baa8ca5f1ddc463e8f3,0,0.7,0.7,1136.4999999999998,0.0
18,F,2025-II,17,20,20,20.5,97,1734,9,10,4,28,30,13,19,5893a28d6f5b43bc279be8da63ff7768e1abf8f4f1971e68847c2ec705149949,0,0.9,0.9333333333333333,560.1999999999999,0.03
19,M,2025-II,18,5,20,6.5,155,1732,7,10,12,27,30,8,14,5e64fb78b382099732de9186da69ed7243aabcdff54766dddb373ea59ce841b5,0,0.7,0.9,585.2,0.02
19,M,2025-II,12,16,17,13.6,253,2066,9,10,10,26,30,8,15,26ce9ed3d6d77534ed799b2dacd454e4bf42cc948eca1f7de4c642ac50a49b90,0,0.9,0.8666666666666667,724.0,0.005
18,F,2025-II,7,12,18,11.0,203,2376,7,10,10,21,30,13,12,db274b93add7af73d4d74b3ae80642ca7585a42d139642c08c7cc4049e549cd6,0,0.7,0.7,797.0,0.06
17,M,2025-II,14,17,17,9.3,174,2843,7,10,6,30,30,17,16,d3bc11cee302cbd1d5e4bf9c5afd3672d6f209e4ed317f8256a904148e78dc45,0,0.7,1.0,924.3,0.0
17,F,2025-II,13,15,13,16.9,247,2380,9,10,5,18,30,19,14,02ef0d13da266f9aca7efa7cad04d09008a9e1a45bdc236e15a88166939eb1ec,0,0.9,0.6,814.3,0.0
17,F,2025-II,10,16,14,9.0,123,3357,8,10,7,30,30,20,13,396f41ac2ccfffd281897ce9f8ca0396353057b84a06bf333ae360e65df302b2,0,0.8,1.0,1058.3999999999999,0.0
18,M,2025-II,5,17,13,15.6,152,1896,7,10,7,26,30,5,12,6c38dc0dd846cdadad485971abb7fa4c0ff43f951aa42ba72122ce64fe8b99a1,0,0.7,0.8666666666666667,631.6999999999999,0.005
20,F,2025-II,5,10,19,7.7,295,1351,7,10,10,20,30,7,11,67b053fba6e18a6ceca579e73e11eacb7fb59506292a5a3005c30bb5b67fbe01,0,0.7,0.6666666666666666,526.3,0.48
21,F,2025-II,7,8,19,7.5,264,3724,9,10,7,18,30,7,11,b3060b43877623638edaadd3f6ec6e6fd488c64a12bec97035bf456fdd70c587,0,0.9,0.6,1224.9,0.205
21,M,2025-II,7,15,19,10.2,196,1111,9,10,5,21,30,16,14,3e06fc1a5e2f9e02ac0e01af3281c7dcb26d0919738dd485f63a4c7ed42f7ee2,0,0.9,0.7,413.20000000000005,0.005
17,F,2025-II,20,9,12,11.2,121,2034,9,10,9,29,30,19,14,3bf1d46b3ba739d96dfb04c8f39cc5e0b4a6d13226f57aeb2a7716bd0140247c,0,0.9,0.9666666666666667,661.3,0.06
18,M,2025-II,18,5,18,20.0,306,2906,9,10,12,20,30,6,14,0f1b9817be13d841e4b117b7f6347a6892b1da66d2c2b058952a67a405f404f9,0,0.9,0.6666666666666666,997.8,0.05
18,M,2025-II,15,14,17,13.6,351,3165,7,10,6,23,30,5,15,cb7c121f529945c0276b0ae28f91d7f434f73fd8e4a1170ee0622d7a790db764,0,0.7,0.7666666666666667,1091.7,0.0
21,M,2025-II,7,12,18,5.4,361,1363,9,10,5,30,30,13,12,0260daf1f2210be849daf67fd3ae280aea2c251c1e25849a9d999bd560d13454,0,0.9,1.0,554.8,0.045
20,M,2025-II,14,9,17,18.6,176,1299,9,10,8,25,30,14,13,10dfc320d4df963e5332493c79ff16574931ec08c3556513c1f43854785aa5b1,0,0.9,0.8333333333333334,462.5,0.025
21,F,2025-II,12,7,17,9.1,133,1624,8,10,12,18,30,18,12,1ecb19f80fca548ee417c9145ab2ec6a654a4916397e8c946619831bf45d0a5f,0,0.8,0.6,544.0,0.175
21,M,2025-II,10,13,15,11.8,237,2913,10,10,10,21,30,15,13,a34a28a6af17bed663f22cecb86a16a82df639daa268b0f9c0eca218f11d1121,0,1.0,0.7,971.7,0.01
18,M,2025-II,14,14,13,11.8,311,3677,9,10,4,30,30,18,14,a4f852833fa438bc48d094fee41a81463b68f1c01a1db9540cb8b9a20538fce8,0,0.9,1.0,1228.6999999999998,0.0
20,F,2025-II,19,7,16,19.4,65,951,9,10,8,27,30,19,14,2c64db3a5dee7f27f362882a5efe0d457ea21ecfbe132495604b933e3679b7fc,0,0.9,0.9,313.7,0.05
18,M,2025-II,18,17,14,16.5,209,3313,7,10,5,25,30,10,16,7d2223848438e5ed82a46a671c3d5381019655926430dc68ca47cf213d65eeb9,0,0.7,0.8333333333333334,1079.0,0.005
19,M,2025-II,15,16,20,7.1,320,1106,9,10,10,25,30,18,17,78b23513bbdb24f69b1ef256808cd7db71cb388b27be5b9f067ea9845eac64a9,0,0.9,0.8333333333333334,462.8,0.015
21,F,2025-II,8,5,20,19.7,246,3392,7,10,7,24,30,11,11,d35fd5e8f7918a444b7f1a6769ac4c98ee6ff426166c2f9d6f8ed9ed587577c7,0,0.7,0.8,1118.1,0.395
20,M,2025-II,16,16,18,14.3,321,3592,10,10,9,26,30,8,17,8af24a0608f4c610014ab7221393df77631da0d982771760bec5d0796bb0a534,0,1.0,0.8666666666666667,1208.6999999999998,0.0
20,M,2025-II,11,13,14,18.2,86,731,9,10,12,23,30,13,13,67000e6cd1cc7066071f61885ae3f73445f39d6f2454c64915b1489d24088d2c,0,0.9,0.7666666666666667,257.29999999999995,0.005
18,M,2025-II,14,15,16,20.9,80,1442,7,10,8,26,30,15,15,fdcad54e474ead3537b5c90c37baad6f80fb56f96a9f6e185f09478b480b86cd,0,0.7,0.8666666666666667,466.99999999999994,0.015
17,M,2025-II,15,6,16,17.9,214,2939,8,10,10,18,30,19,12,1473438a1c7b67ac73163642842d5049d94ead3e304b2e0b234cbf2a7d8e1732,0,0.8,0.6,970.3,0.145
20,M,2025-II,8,13,13,17.4,96,3813,7,10,12,18,30,18,11,c011f55c0259be12ed4e8d7a33a9bf7674b3d242fa809c529ea789a4e712a959,0,0.7,0.6,1185.8999999999999,0.02
20,F,2025-II,17,12,19,11.6,394,3679,7,10,10,20,30,20,16,621c6f0a7efdc4868dc3f22369a70d7b3b784cd7aec8f422fc00b27ab4595c86,0,0.7,0.6666666666666666,1264.3000000000002,0.02
18,M,2025-II,5,15,19,18.8,95,743,7,10,4,18,30,20,13,fdfd33836399967b8b2c98e7de030755e601bd58632a510e65260cbb9a097474,0,0.7,0.6,262.1,0.075
21,F,2025-II,10,20,14,13.5,91,3505,10,10,12,28,30,10,15,09232eae2d8133a1f6a331fac3e58db75a28bdb55d3c63e49e361ff8258591b7,0,1.0,0.9333333333333333,1091.5,0.0
17,M,2025-II,5,11,20,6.9,359,1135,8,10,6,20,30,8,12,13133d8631ab276633c37e056161c281868cb2c6b3239e58c24cf80c57a674e6,0,0.8,0.6666666666666666,485.9,0.17
17,F,2025-II,5,11,20,17.3,253,1313,8,10,12,26,30,11,12,d62ec85b342c9c6008cbd01b25e0b938cf42cb21afe6cbc25f36bf074340a401,0,0.8,0.8666666666666667,498.7,0.375
18,M,2025-II,17,11,12,16.8,140,3951,10,10,7,24,30,5,13,ca9c371ea62778f1badad12c4aa336fe8ab95ad7324d0e70515b7ac887aae642,0,1.0,0.8,1243.3999999999999,0.045
21,M,2025-II,9,18,15,5.3,225,3796,7,10,5,20,30,20,14,b9dad3c55af2c35c75a251b3fd3f202976f0fe8010de880978dba82b57723971,0,0.7,0.6666666666666666,1230.3,0.05
19,F,2025-II,5,16,19,15.1,65,2673,8,10,9,27,30,12,13,5d82dfab149c3b9dfc8a4fc1132fa03412f79b1ea7fcfedf0e2c494cbe4f2bc5,0,0.8,0.9,830.6,0.035
19,F,2025-II,14,7,19,8.5,104,2329,9,10,8,30,30,10,13,5dfc2c7b15053f1057080b11a963103560e0f9c075d9e41ac7f51f2e7983808f,0,0.9,1.0,742.6999999999999,0.01
17,M,2025-II,5,9,19,11.3,250,2107,7,10,10,24,30,7,11,faf9200191a423240d1bf7b53ce77ad6f3650a9cccc4961e8bc24e2093852245,0,0.7,0.8,735.1,0.235
17,F,2025-II,5,12,13,9.0,156,3930,8,10,8,21,30,11,10,ed019f0ba3e6a97a13f98427cd170e11106cb07548e37ccaefe347374c191dbd,1,0.8,0.7,1243.8,0.735
19,M,2025-II,5,5,16,16.7,353,1518,8,10,11,24,30,17,9,6429eaec72dc08563003767fe03ed9a95d0170ca29ea9144d9c8ff23a8b88c65,1,0.8,0.8,599.9,0.87
19,M,2025-II,8,14,15,12.1,92,3683,8,10,10,22,30,11,12,dedfc157c42a986f71352104f143f97b2d588d08257d2b3bfb732b50739fb827,0,0.8,0.7333333333333333,1144.6999999999998,0.01
19,F,2025-II,9,17,15,15.0,122,935,7,10,8,19,30,13,14,f1b6c6cfc931c348522913c523b373ad5b4014ce2f09340588e73661c2e37cb9,0,0.7,0.6333333333333333,331.7,0.065
17,M,2025-II,15,20,19,19.9,228,2657,8,10,4,18,30,20,18,6518b1fd9a9881f9296c944e79f6de0df6978891c8e8b60f430d415a4d2c009d,0,0.8,0.6,889.5,0.01
19,F,2025-II,17,5,13,17.5,347,1603,10,10,7,25,30,13,12,c10af1176b90f74a48f8d6a15079a8f3b759da651dc562134c2303e71f5ee005,0,1.0,0.8333333333333334,621.8,0.02
18,M,2025-II,10,6,14,10.3,201,3921,10,10,4,28,30,14,10,b16db44d41db995e746ba523ac153340d68acb18c0f2613bd8f1d6cab9cf1120,1,1.0,0.9333333333333333,1257.8999999999999,0.485
21,F,2025-II,12,19,16,8.6,354,796,8,10,4,27,30,20,16,0279d0016ed68e89147c6c5d33cba849782a826e590bc0632fa834a2d1f1a236,0,0.8,0.9,381.59999999999997,0.01
18,F,2025-II,18,8,20,5.1,278,1204,10,10,4,18,30,14,15,69e1b100e50395ee06d892eba6ab64650cbb9654a0c1efcbafb24fd998dd0f76,0,1.0,0.6,473.6,0.07
20,M,2025-II,8,5,20,16.0,88,606,8,10,6,19,30,13,11,7304fb1f930af15e4b0545c6eb46fc01906487a5655085f5b795796afaa2d8f5,0,0.8,0.6333333333333333,218.79999999999998,0.175
21,F,2025-II,5,7,14,6.8,278,707,8,10,11,19,30,10,9,823c16817a5e395904ba27f1e17bd2591408e155e0e6392a31492310657d3f36,1,0.8,0.6333333333333333,326.6,0.81
18,M,2025-II,11,20,13,12.8,185,2408,9,10,7,22,30,20,15,4be03a16dbf493a868e606bf39da21a50e2ee3f930e740b2ebc237a14f768614,0,0.9,0.7333333333333333,798.5,0.0
21,M,2025-II,16,14,13,16.0,314,3497,7,10,9,28,30,11,14,9592193c06609660fcd199ce706748e34ef0ca0e39aa42d762cb85548c833c59,0,0.7,0.9333333333333333,1177.3999999999999,0.0
18,F,2025-II,11,6,18,18.6,148,1991,10,10,6,24,30,12,12,b8ccd422a0eeffb0b7c75965ac666afdbd1d7379a5dc40fcf3f4bf9e3b53d2c0,0,1.0,0.8,658.3,0.07
19,M,2025-II,5,7,12,6.4,88,2616,8,10,4,20,30,16,8,b1e1ed8c75769b41a48eaef76fdd1003e14e21de4d42aa9e34d9ed064d323b5d,1,0.8,0.6666666666666666,821.1999999999999,0.825
21,F,2025-II,9,20,18,9.2,228,3851,7,10,10,23,30,15,16,291c9e505525e54e6c0b0425ad9bb8cc80970016e7cf26ea855e2270e2407694,0,0.7,0.7666666666666667,1249.5,0.125
21,F,2025-II,6,18,16,19.2,78,3897,10,10,11,30,30,11,13,924c5cb7c0bc2bb0e632c766886e7113065a164542718ecd1c071369e38b6cce,0,1.0,1.0,1203.6,0.035
17,M,2025-II,5,9,14,5.2,257,1729,7,10,7,26,30,14,9,6df31d77fc0ef312f85320f2180eb4c3c5712c3cab6a892edd49011a778f4595,1,0.7,0.8666666666666667,623.5999999999999,0.795
20,F,2025-II,6,7,14,8.7,125,2617,7,10,12,20,30,13,9,2d21dcc0c6df2b4cc96642ec2e9e07bc6be8126384eb06fa85a8f6edb466f2b4,1,0.7,0.6666666666666666,838.7,0.685
20,F,2025-II,17,11,16,19.5,202,3927,8,10,6,25,30,16,15,519470365611b68cea702090a8af9539799961bd22fddd198910f59b7489070e,0,0.8,0.8333333333333334,1260.6999999999998,0.06
20,M,2025-II,12,15,12,18.8,298,2791,7,10,7,29,30,11,13,d857203999f58291c70cceeb47d37efdbef371385455d6baa22be11efee6f245,0,0.7,0.9666666666666667,958.5999999999999,0.0
18,F,2025-II,13,20,14,19.1,396,1150,9,10,8,28,30,7,16,36147ced59aa7b3e645390b375ea67e4f5945aa5ca90d5b1988774c52c1ffe14,0,0.9,0.9333333333333333,505.8,0.005
21,M,2025-II,17,15,15,16.4,66,2078,9,10,5,19,30,14,16,d49583f1c1dbbccbde8ebbbc221c619f128f15407999b8398de020e96ec4ca47,0,0.9,0.6333333333333333,651.3,0.0
20,M,2025-II,8,20,20,9.7,236,1824,9,10,8,30,30,8,16,1e8749210f44b7bd0e7b8f48dd3d1d33aa54020eae54c695355927f25c274350,0,0.9,1.0,644.0,0.005
17,M,2025-II,19,7,20,7.4,241,3594,7,10,10,23,30,15,15,2264d9d4b01d46efbd0b15ed080d25d91728119f096977310876894c66942ebd,0,0.7,0.7666666666666667,1177.6000000000001,0.125
17,M,2025-II,16,5,15,5.3,280,3067,9,10,4,23,30,12,12,7c46c6f991ac333598344a6587f0898e8db02498c7d41ab929008cc121476b83,0,0.9,0.7666666666666667,1033.3,0.13
19,F,2025-II,15,20,16,9.1,287,1730,7,10,6,28,30,12,17,3d6e0930cd4bfc9c97d54678d45a702152253c28207f6a7b03502a0e246bf720,0,0.7,0.9333333333333333,635.6,0.005
20,M,2025-II,10,8,13,20.7,329,2113,7,10,11,27,30,11,10,38732400b89e4018d5556b960af72bf395a95a13fd67a127b96e98b5427f8d46,1,0.7,0.9,768.8,0.675
19,M,2025-II,19,8,17,9.0,340,2063,7,10,4,26,30,8,15,bf47760fd8b4fb7dee96e753025431b76fe7e2304a8f997472c0b28b3ee9f4c4,0,0.7,0.8666666666666667,756.0999999999999,0.025
17,F,2025-II,11,19,14,9.2,273,2082,9,10,6,18,30,11,15,2b22d7965dbe0391745a8552de514100497da68bb9e7a76839a31406c1e8a6fd,0,0.9,0.6,735.6,0.03
20,M,2025-II,15,5,20,14.3,121,3016,8,10,7,29,30,9,13,c7e69fe5cf6e92ec84814ca4f479c6263d0462ea9e42f150ea0dbea6d495b42c,0,0.8,0.9666666666666667,955.3,0.005
21,M,2025-II,15,9,16,8.5,296,2805,9,10,10,18,30,14,13,b249e7d3c673e084df433ace077910122ba265acc368b725b4b306f18510237a,0,0.9,0.6,962.9,0.015
18,F,2025-II,10,15,15,10.5,315,2317,9,10,8,29,30,13,13,b113f7832a174fd0b7baa62d8c3ac1c47f08fb806b5178f49379c5ca48828b18,0,0.9,0.9666666666666667,823.5,0.0
18,M,2025-II,6,14,13,7.8,350,1585,8,10,12,23,30,8,11,8c8277c62995eef1dfa216ddfc3eab85efe7b7348cb50d1e46b800e1ed8406e0,0,0.8,0.7666666666666667,619.1,0.075
21,M,2025-II,8,10,14,17.7,96,1436,10,10,7,26,30,12,11,ff4ae85702a11231c65f17d8a37ec64621efc46face28194dc95783f9f7f53f8,0,1.0,0.8666666666666667,471.3,0.05
19,M,2025-II,8,17,14,12.8,86,3519,10,10,9,30,30,10,13,74580c2b64b8df4a569f4d5d0d0300c4cfcc1ee690a4a0f488ad26696626358b,0,1.0,1.0,1092.8,0.005
18,M,2025-II,6,6,18,8.9,341,2888,7,10,7,28,30,15,10,9e88b7929c1ff572442f311c4749a8140d08b4226562ee17a423241febab7ecc,1,0.7,0.9333333333333333,1004.9,0.825
20,M,2025-II,19,16,17,10.9,40,625,7,10,9,29,30,18,17,db6881845830930a600c318a05bc59e97d75633953b001a6b0e5e78d5feb0fa9,0,0.7,0.9666666666666667,206.2,0.005
18,F,2025-II,9,14,12,7.2,51,1740,7,10,9,23,30,10,12,9e692ed7ac9843accfe8b441fc4e08f999f1fd13f41696cab4513990ad6d68ee,0,0.7,0.7666666666666667,545.1,0.03
17,M,2025-II,5,10,14,17.6,116,2409,9,10,11,21,30,9,10,3c7f750a6cafb1ec64a5b07cd4392ed47fdcd8964830dcdaaad133edf6cdad8b,1,0.9,0.7,772.4,0.735
19,F,2025-II,15,10,16,18.2,228,2531,8,10,5,27,30,10,14,979fad86a6601eb18b64ca4e66ef4fa8c643013aef6722e40a898232fd362e77,0,0.8,0.9,852.0,0.005
20,M,2025-II,10,20,16,20.4,145,619,7,10,11,29,30,8,15,d272911e5118b26c9f043c2bf7a3d24f5939a44bd8ddf09566f2bd3e8ee08c18,0,0.7,0.9666666666666667,247.0,0.04
17,F,2025-II,12,13,13,17.1,224,2769,10,10,11,24,30,18,13,6b5508a2051c29d98a739a509e90b6359cd49b939f32f7ef61c27264a668c638,0,1.0,0.8,923.5999999999999,0.01
17,M,2025-II,16,19,15,14.7,261,1570,9,10,9,30,30,11,17,ee4e4582236a6614a5c2f2e3319e1e270adb0602b9cf0717c6c7f325532994b5,0,0.9,1.0,578.1,0.005
19,M,2025-II,13,9,18,12.4,73,955,10,10,11,22,30,19,13,83829b1a3a4a5db41637ba8553a385a360fc42b75a44c7bd62275cf74b19c3df,0,1.0,0.7333333333333333,319.0,0.025
17,F,2025-II,20,20,19,12.0,91,3775,10,10,7,23,30,11,20,cf3a06f01499e50e35aff3ad7af5b36fb01ab6ee1816d0b2be873d41da75e369,0,1.0,0.7666666666666667,1171.0,0.0
20,F,2025-II,15,13,17,5.5,238,2978,10,10,9,20,30,10,15,d2688435e7997841c7b049c39b57a6541a1bcbf79d54326b3b63c5d04bb1248f,0,1.0,0.6666666666666666,991.3,0.0
20,M,2025-II,10,13,14,5.6,112,1155,8,10,10,28,30,20,12,4c42179d1498c3d68c29d73cbc8886cbbb67671ba99452f93c5a1ccddd9c97ca,0,0.8,0.9333333333333333,394.3,0.01
18,F,2025-II,12,8,14,7.9,212,2037,9,10,8,19,30,19,11,27b5ffed471dd5acf91ed1db27f4cbf50c0b918bf755fc86c1807800c214c8bc,0,0.9,0.6333333333333333,698.3000000000001,0.055
20,M,2025-II,8,19,14,20.4,53,2021,7,10,9,18,30,11,14,69407dcacd85fdc1d959a51f12edd5ae6ee5c1946a946fdc3abb2ae6d008e350,0,0.7,0.6,630.1999999999999,0.04
19,M,2025-II,15,17,12,11.4,250,2584,10,10,9,18,30,19,15,69f308d3885e3ee7181d519fed1e8f7b5bd33bd8c524b0036cbdc93c87af1a92,0,1.0,0.6,877.9,0.005
18,F,2025-II,10,9,14,10.8,373,1682,10,10,10,23,30,15,11,1b98f255e8e324b11a020292a4b6de508f65cc005eff9299caa9b898d45d9b68,0,1.0,0.7666666666666667,656.8,0.06
20,M,2025-II,5,17,12,12.8,242,688,9,10,7,24,30,18,11,85c4d7f3bda76eaa0a04de5b448d12a23395e6a34ef96661b83b4ae234c6e2d3,0,0.9,0.8,305.3,0.045
18,F,2025-II,9,15,12,7.9,265,2836,10,10,5,27,30,15,12,f49fe848f71f0e1807ed3bb27d9f27ad1007b78dcb3af15c2e458c2dc372c35e,0,1.0,0.9,958.3,0.01
20,M,2025-II,5,15,20,9.4,162,2949,10,10,6,25,30,12,13,452cf9b8361cb43a87d9e11622753219e6c02716537144361f258621affcdbf7,0,1.0,0.8333333333333334,951.3,0.045
17,F,2025-II,9,7,16,19.1,157,2696,9,10,6,22,30,17,11,aa8a39956b951e38c1c72e01abf0a5ce83286cb7d6c4cedce97e865a3be57e84,0,0.9,0.7333333333333333,873.4,0.13
18,F,2025-II,19,20,14,11.2,379,3337,10,10,12,25,30,14,18,2a660944dbba64375eaf4bc565d15cd08f5ed463f816d324ce2dc1e18606a197,0,1.0,0.8333333333333334,1156.3,0.0
21,M,2025-II,10,20,18,7.4,400,3125,7,10,6,22,30,12,16,b26102088fc7da8754ddc51e85d1940c8286de7b1c2a4001505b612b1e21e786,0,0.7,0.7333333333333333,1099.3,0.01
18,F,2025-II,9,17,19,13.2,305,2441,7,10,11,25,30,19,15,784cf60131ebd6e8a918d54c7e69b225470b2543f62f05c08f43a59261c589cf,0,0.7,0.8333333333333334,857.5999999999999,0.0
18,M,2025-II,18,8,20,15.5,59,1782,10,10,12,27,30,5,15,8474e6707a66681133577ed36b94231030adedc2bae6f5fa884f1b5cf53cbc22,0,1.0,0.9,561.8000000000001,0.015
19,M,2025-II,9,5,16,7.8,135,2094,9,10,6,18,30,19,10,19c7abc8058beeec586f84c2332f7bc85ed6406e6108118c6f2d1968be59f2eb,1,0.9,0.6,683.9999999999999,0.755
17,F,2025-II,19,7,13,16.0,330,605,8,10,7,27,30,11,13,30e3ce880654af8533c6841796f1f9bfef282f9b5ee15180d7457e8e884f98da,0,0.8,0.9,315.6,0.065
21,M,2025-II,13,15,20,15.8,395,2447,7,10,5,27,30,9,16,4b9c3e716c90744a1f41751f96d7e70d872d35a0caede9211eb09cfe7cd71417,0,0.7,0.9,893.6,0.0
19,F,2025-II,9,12,12,10.8,302,2508,9,10,12,23,30,17,11,5db09c0473983d0f7776df5122811490b024b0446acd1ec6dc512b16d2300787,0,0.9,0.7666666666666667,876.8,0.01
20,F,2025-II,11,18,15,10.8,281,2089,9,10,12,30,30,6,15,2a7d7a1b56bb6360c00a181a1c4e224ab1ee72bf320fe1316186c7c6dd18c388,0,0.9,1.0,742.6999999999999,0.0
21,M,2025-II,17,13,13,19.3,330,3902,10,10,6,24,30,17,14,85ccda15d95e3d1bc042adb2d61a8f2915c9cd13205938334af73054a107e5fe,0,1.0,0.8,1304.3999999999999,0.02
20,F,2025-II,8,14,14,16.3,334,2534,7,10,5,23,30,8,12,810c716c6b8b40b429a7799c0881829d625c5c98fcdd46d6ab953611905b1976,0,0.7,0.7666666666666667,895.3,0.015
18,F,2025-II,18,15,15,12.8,103,2018,7,10,5,20,30,8,16,dab81ec8879b66d686f5ba677c279f04f77953a79f0e382b9c54313184475817,0,0.7,0.6666666666666666,648.1,0.0
19,M,2025-II,16,20,15,16.1,174,1739,8,10,8,20,30,11,17,3b22721f92652415ef6e0fcf62e10cb6d8f9c16ed6c90956b4041e5a8f4b3afa,0,0.8,0.6666666666666666,593.6999999999999,0.0
20,F,2025-II,13,7,17,15.4,54,2188,8,10,12,24,30,10,12,87a9881dff236c2cffe0b74b13988c56756a3c9028ac2bef0fea809bea2f2018,0,0.8,0.8,681.6,0.07
17,M,2025-II,14,7,15,13.8,362,1634,10,10,4,25,30,17,12,b113f7832a174fd0b7baa62d8c3ac1c47f08fb806b5178f49379c5ca48828b18,0,1.0,0.8333333333333334,636.2,0.055
21,M,2025-II,20,8,12,14.0,170,1945,9,10,10,19,30,10,13,99d1406ff5622f05a685233fd0d57cd33780d18f42e34775f0f584654195f38e,0,0.9,0.6333333333333333,654.5,0.01
21,M,2025-II,14,11,15,14.9,344,3893,8,10,8,28,30,6,13,2865a1364cd3ebf196de04c346f0f3a9c8149031ede45ef2444197b89ca35a72,0,0.8,0.9333333333333333,1307.8999999999999,0.04
20,M,2025-II,10,5,12,13.8,208,3881,8,10,7,26,30,8,9,e5aa6068fa444583b4fcb0086c2f374449acd488179245fe28a100727e5e0981,1,0.8,0.8666666666666667,1249.6,0.725
18,F,2025-II,14,14,12,8.5,295,1364,7,10,8,23,30,20,13,04e3e0af77de140f8c1108f39cf7bbd85ebc2a22ebfb0b3e2ae7e2b041da0b97,0,0.7,0.7666666666666667,529.6,0.005
17,M,2025-II,18,10,15,17.6,238,2177,9,10,12,23,30,16,14,80052acfbc00637b92d0743021c109431d80e38774c9313d57f48aabb2412597,0,0.9,0.7666666666666667,751.9,0.025
20,M,2025-II,19,13,15,7.2,337,2050,7,10,10,25,30,20,16,381056d2cfd68911b4c031e95ab834c769d5abc6c01da4b70fe427097639a51c,0,0.7,0.8333333333333334,752.8,0.01
18,F,2025-II,16,8,16,5.8,248,3652,9,10,5,28,30,5,13,c049ce95d55bd47bb65f1325adaca8680695550aaefeb00f4c2e47b8f6145850,0,0.9,0.9333333333333333,1196.3,0.07
18,M,2025-II,11,5,16,20.8,279,729,10,10,4,21,30,6,11,ef6efad9631253071c3c9b8b24e3cdf32e74c56570ea0a46ad821d382d14b99e,0,1.0,0.7,331.5,0.205
17,M,2025-II,15,19,14,15.1,355,738,10,10,7,19,30,6,16,33bb5793c7a9179670b2a198352e90ed707f4c38bad3c0d41af550fb53ff988a,0,1.0,0.6333333333333333,365.5,0.005
20,F,2025-II,13,16,19,11.9,120,647,9,10,9,21,30,17,16,f8e49dfa27b758124037ebc034f557b2115b37afb5421bdb827750d75fbcd6b5,0,0.9,0.7,244.8,0.0
20,M,2025-II,14,19,19,14.9,276,2870,10,10,12,27,30,14,17,4b80a85fcdcb1ea4fbae13464ce9a0964b63b5c2df27533b35c1fa157509550e,0,1.0,0.9,975.0,0.0
19,M,2025-II,10,8,13,18.5,55,1572,8,10,4,19,30,14,10,e03d97abfc4148a2a4bf092d6149969d5341e1ef9b1a6063bc94412efcb64515,1,0.8,0.6333333333333333,494.79999999999995,0.735
17,M,2025-II,18,12,19,7.1,256,1974,8,10,7,20,30,20,16,300e2b5f369edef06f5264254b26acb1147ecdb12c9f5d2a4e8b3ed71bb4fc71,0,0.8,0.6666666666666666,696.6999999999999,0.005
20,M,2025-II,20,10,18,6.0,63,2277,8,10,11,29,30,12,16,3b897417614772c942650c4147089ce1e69b2b55e83118a870773d5da319ec3c,0,0.8,0.9666666666666667,711.6,0.0
18,M,2025-II,11,10,17,20.8,48,2956,9,10,12,30,30,13,13,e9c93112a57b6eb2b8c81420303fac60472018028cac5d32569cb154f9c7c91f,0,0.9,1.0,909.5999999999999,0.105
21,F,2025-II,5,19,18,17.6,353,2219,10,10,4,26,30,19,14,dba29b4f0b6509bd991d2132000587eca184490d9161a88ce500e33541646320,0,1.0,0.8666666666666667,808.0999999999999,0.085
19,M,2025-II,17,18,13,15.4,357,1014,8,10,5,18,30,19,16,45d4440a511e9f49b1859e9aabbc19fdf0fcdcc3f4c9134acca50b713d443353,0,0.8,0.6,448.5,0.015
18,F,2025-II,5,6,13,5.8,311,1926,8,10,11,24,30,6,8,381beb8f94182bfcc19f4d5704bc57a31d40609f67d79eb105270c3afd5eb8ea,1,0.8,0.8,705.5,0.63
21,M,2025-II,14,9,12,14.7,343,2746,7,10,6,23,30,10,12,fe06a4207aa893a0526f9a6fadb130a616a6a4ad4869d7ac6162ad394aeb9482,0,0.7,0.7666666666666667,962.8,0.01
18,F,2025-II,16,14,16,12.0,300,3355,9,10,5,27,30,20,15,7e5e0673b2d570f60c9fa4c83b0726052163fb74f3b20ef8f8b6f9284a2ca65a,0,0.9,0.9,1128.0,0.0
19,M,2025-II,8,17,19,14.7,46,1048,7,10,9,22,30,5,15,f0c6740097818250354c8a38079d5ede06352bccc486bc1c6be5ccbe21d9ee97,0,0.7,0.7333333333333333,335.5,0.025
18,M,2025-II,19,5,19,15.7,251,2868,7,10,8,30,30,19,14,3b450233d1a6634c2dc1774437331b6c10830d525dcfaea3970ee16ed23341e5,0,0.7,1.0,963.2,0.06
20,F,2025-II,6,16,16,7.6,221,1763,8,10,8,19,30,19,13,71260d9afe33b41fafa37b50162742b86ef088f505fc22542ba866d867cb28d8,0,0.8,0.6333333333333333,619.7,0.09
21,F,2025-II,6,17,15,7.2,40,3961,7,10,9,28,30,11,13,d7a474ec56de8b6512b63c4ac976683f5b178f06ca55a2991aa99c9085df7807,0,0.7,0.9333333333333333,1207.0,0.05
18,M,2025-II,5,11,17,17.3,150,3897,8,10,4,19,30,9,11,38a29ae1ad045f4a07dd83ca7fe3ad2d3481f5c241b25e37502a1ef3a470c896,0,0.8,0.6333333333333333,1230.3,0.495
21,F,2025-II,14,10,15,15.4,127,2491,8,10,5,28,30,20,13,c469b7223e1c33975d443164c66de2f8af9ac236b0f7d8c0449f6ea4a32f84fd,0,0.8,0.9333333333333333,799.5999999999999,0.02
19,M,2025-II,5,10,14,12.6,174,3812,7,10,6,23,30,15,10,c1f6490291d1a9816d274425e6bcfc7d6db3c327ca9d011e7e9ec829e604ed78,1,0.7,0.7666666666666667,1215.0,0.805
17,M,2025-II,19,14,16,9.0,302,3946,10,10,10,23,30,15,16,521ce13b5ffb0264ec218629d4d702fb4666d3b0aa1cc9c80e8e528d481e9352,0,1.0,0.7666666666666667,1307.6,0.02
17,F,2025-II,16,19,13,11.2,248,3308,7,10,8,27,30,16,16,0fde3d1077d32b25e57371040fbede2494b8e189af05f66e7f5b35d1e391b0f4,0,0.7,0.9,1094.0,0.0
20,M,2025-II,15,5,17,18.6,315,1584,7,10,9,25,30,5,12,7dbfaf223ed49a6da2dbb2a2fbceeeee38c545ac2ff68710ca3ad0a1d20408d5,0,0.7,0.8333333333333334,603.9,0.03
17,F,2025-II,12,15,13,18.8,366,2263,7,10,11,29,30,18,13,a4422006e0fc0d4f64d1d42b45d87948a00852f3561bd0694d18dbb9575fee74,0,0.7,0.9666666666666667,828.6,0.01
21,M,2025-II,16,10,12,11.1,219,1219,9,10,7,20,30,19,13,3a28c9b4abd1bb5f63537f17eb148d41805903c2cd063c48112dfede09c39cee,0,0.9,0.6666666666666666,455.4,0.005
21,F,2025-II,8,15,20,6.0,236,1480,7,10,10,23,30,8,14,49ac748730de682ccbeacf01c264440a7087f42799a250965da8bda5522f384d,0,0.7,0.7666666666666667,541.4,0.0
19,F,2025-II,8,10,19,7.1,252,721,9,10,10,29,30,16,12,ba20574d2eb033dcf31b85994c1ce65733bc706c6a035b96bb720e714515ec7e,0,0.9,0.9666666666666667,320.1,0.115
20,M,2025-II,16,13,19,20.0,365,3106,10,10,8,26,30,12,16,85ccda15d95e3d1bc042adb2d61a8f2915c9cd13205938334af73054a107e5fe,0,1.0,0.8666666666666667,1080.2,0.015
17,F,2025-II,12,6,20,9.9,117,1401,9,10,4,27,30,5,13,0733766ba6ba5061a8ad23ad7df9abb4610f7e8ab7a53483a5f763bba960838b,0,0.9,0.9,468.3,0.15
19,M,2025-II,18,13,20,7.0,286,3020,8,10,6,23,30,9,17,9d04ddeec738477c5388eee25eec6c4b74ae829bf9b62e90e1f550c6e29a998e,0,0.8,0.7666666666666667,1022.2,0.005
20,M,2025-II,19,10,12,11.4,80,3780,9,10,9,22,30,8,14,c9033bf77eeac76a06d802dd43e86eca421874c5d9d75ed61be8c8e98e61b8e2,0,0.9,0.7333333333333333,1168.7,0.015
20,F,2025-II,18,8,12,7.6,182,2909,9,10,12,26,30,18,13,22d38320d333d13618b1000380300df24035e6313ebbf92044404e453f59d775,0,0.9,0.8666666666666667,949.0999999999999,0.005
21,M,2025-II,10,19,17,17.6,267,770,9,10,11,25,30,20,15,146047943f77eb3131e88bcd361056b9a78102b2e28f144bed0bb566c1d42776,0,0.9,0.8333333333333334,341.1,0.01
21,F,2025-II,15,14,17,16.6,166,3632,10,10,11,27,30,8,15,e7cb88de66105f3d5478f16a5d510d9565d9c731063acd83a54e374076c182d2,0,1.0,0.9,1159.3,0.01
17,F,2025-II,7,8,14,13.7,336,992,7,10,8,18,30,5,10,bc78599c57b7ce7784ae00bb9a4d74af7401ef9138b1a10f60d5c635ac8b2cbd,1,0.7,0.6,434.4,0.745
21,M,2025-II,17,6,14,13.0,315,2984,9,10,12,22,30,11,12,beb0f40d8c6c102ebda874cef4623fb6dfcb80fe7e90bdd9c18a939328ee5d2e,0,0.9,0.7333333333333333,1024.8,0.005
20,F,2025-II,13,13,16,14.1,151,2186,8,10,5,29,30,18,14,4da4d7ee7a0df2b9903d91a80414e2d0a424305db2a551071478a153dce5af40,0,0.8,0.9666666666666667,717.6999999999999,0.0
17,F,2025-II,6,8,15,11.2,178,3161,10,10,4,27,30,19,10,654c0ac9061ef0c9bc5d4c4a35300e6fa4bfad10df41291fe63d543cfc32b5eb,1,1.0,0.9,1020.6999999999999,0.85
17,M,2025-II,10,11,18,5.0,114,1525,7,10,9,29,30,20,13,63270b9bf2cd5b6fe8ee6721ceed52b27b1c266be11f86dc3ad35c92cce6b693,0,0.7,0.9666666666666667,505.8,0.135
19,F,2025-II,20,16,18,10.0,153,1467,7,10,4,19,30,5,18,5205a93a24ff30e79bea891ec57983146ff17d1ccad8b8b82258fe2e7feec04e,0,0.7,0.6333333333333333,502.5,0.015
21,M,2025-II,16,8,15,19.7,143,3547,8,10,6,26,30,15,13,7feeb6a744a70bcdaff60527356851342620f04123f5d9f7123fa3613c799cb0,0,0.8,0.8666666666666667,1123.1,0.03
17,M,2025-II,16,19,13,18.3,339,3029,8,10,9,23,30,20,16,8cd3159ce8a9251ecc62644897496f7629ba7e42a47d575621ff62d18b58e4b7,0,0.8,0.7666666666666667,1047.0,0.005
20,M,2025-II,13,6,19,16.4,69,1465,7,10,6,20,30,13,13,7b41e0f9e8a59b00f74ea2965b93cacadb3ad08e28e5ad8f1c0b85178cd71685,0,0.7,0.6666666666666666,468.9,0.04
19,M,2025-II,15,17,12,10.7,43,3170,10,10,11,28,30,17,15,efbf02e92b529ccfcf625466be9831b9bed1f3fe73cb5bce1ee876e7ca8ff241,0,1.0,0.9333333333333333,971.5,0.0
17,F,2025-II,12,17,13,14.3,189,1998,7,10,12,27,30,7,14,5dbc7f5f756a0a868198ffd9a984bea07f7e81e4e1e8c2bc724a0ec2429fa8c0,0,0.7,0.9,678.6,0.005
20,M,2025-II,20,18,17,16.4,302,2565,9,10,8,21,30,13,18,5650400226e95359ae3e4c7525fba6069c49765929c08648b339d76646da07aa,0,0.9,0.7,892.7,0.005
17,M,2025-II,10,19,20,18.8,237,634,7,10,12,22,30,15,16,7c30055a7cbdad0eed0cb8f47a3b7699a2c69562015924b587bfdac369d570db,0,0.7,0.7333333333333333,288.6,0.025
20,F,2025-II,19,5,14,12.6,185,1878,8,10,12,25,30,20,13,dfb190d7c6a318aaeab86c6635d4c024ebf28b028b9859fd33a8125c987876e5,0,0.8,0.8333333333333334,641.0,0.05
18,M,2025-II,17,14,16,13.5,186,1063,7,10,12,25,30,17,16,700830cb88d3d28b26ef164cf8b707f163f75c6c399fc1af531b3a9f9081e566,0,0.7,0.8333333333333334,396.9,0.005
20,M,2025-II,16,6,14,8.4,384,1901,8,10,12,30,30,14,12,0298f8b9990dc2896a5c0676b3f31b20e3c632c33a75492040cf845fb65d8133,0,0.8,1.0,727.5,0.005
21,F,2025-II,19,17,18,10.6,280,3253,9,10,6,20,30,20,18,d1b99f0c7c1a1cddd505909ef58901bbb9d530fa772fdd2dd26b96a2a90dd4c2,0,0.9,0.6666666666666666,1089.7,0.0
19,M,2025-II,8,11,12,19.5,68,965,8,10,5,27,30,12,10,a1c48de3700b4a25b076d6552d304c95052e50c2e80272c948336f3582a0af2b,1,0.8,0.9,318.2,0.76
19,M,2025-II,6,7,20,7.6,61,3808,7,10,9,26,30,16,11,e75210577fda1bb8d5a9d992625ad9e8569c622d07d094aeaf2f191380a99fa9,0,0.7,0.8666666666666667,1169.4999999999998,0.19
19,M,2025-II,19,11,19,12.7,395,669,8,10,11,23,30,14,16,1aac2d22e4fb92018193d3828b33afb4603229ee5ce6eec0773f6663687d7715,0,0.8,0.7666666666666667,362.0,0.03
17,M,2025-II,5,5,14,7.1,207,3082,8,10,11,28,30,8,8,9a0d972b731774c9a9022ec015c9251b5ffaaeb7c40ec05e65d3ad5992f9ba05,1,0.8,0.9333333333333333,1010.6999999999999,0.84
19,M,2025-II,10,10,20,14.3,92,1198,8,10,11,29,30,20,13,af0592597ecffe5095417795913b4d03ef32ab46590a87f2b241109ff3903048,0,0.8,0.9666666666666667,399.5,0.07
17,F,2025-II,14,16,16,13.3,377,2545,8,10,7,21,30,8,15,0681aaffcac19ce94c7c4faae9c941d97c7879b65ac8e03bfcb6bd3ef8f88f59,0,0.8,0.7,916.4,0.005
19,M,2025-II,5,10,15,6.2,179,2187,9,10,8,30,30,14,10,9afdde368584d33788011d64f30d98d48d6fedf4f5405b25a248bbbb34457989,1,0.9,1.0,730.1,0.55
19,F,2025-II,5,5,20,19.2,78,1967,8,10,7,19,30,13,10,5aa84e755d2b6bf970c4d9edcbe3dd38e48a0442cf5d75614135fc26fd693fab,1,0.8,0.6333333333333333,623.4,0.83
18,M,2025-II,7,5,14,8.8,335,736,8,10,5,23,30,15,9,8d4e7e9257793e98180ecfad884bec30326e4fd38019564516dbfff896f36ae4,1,0.8,0.7666666666666667,356.29999999999995,0.86
18,F,2025-II,10,14,20,14.0,134,1040,9,10,7,26,30,17,15,a1e27e405314268e09de54b0a1d1b919b646576a160480626e8d728c4f7dbccb,0,0.9,0.8666666666666667,367.7,0.01
19,M,2025-II,15,9,13,8.2,112,2661,10,10,5,21,30,20,12,5c9889265eb96e6b7d1351d47af760586b2db196c9ef6e7df6947e9253770ea3,0,1.0,0.7,844.5999999999999,0.085
17,M,2025-II,10,7,17,18.8,238,2249,8,10,9,30,30,18,11,dfd65ed57bf00af5b2205f7f3318f8d3b93a842612cf2c2d76b1a45bc4764310,0,0.8,1.0,772.5999999999999,0.205
20,F,2025-II,11,9,15,16.9,167,2246,7,10,5,29,30,15,12,708fa794111ecbe17a667c6fed9fbac02cbb7c209d1ff6eb95cd4c9fea9bc712,0,0.7,0.9666666666666667,742.0999999999999,0.065
20,F,2025-II,17,11,19,14.3,345,626,9,10,8,29,30,6,16,cfcd18ad23794de0792df975ec75bdefd18f52e1df5700dfdb7e99de84eed1f6,0,0.9,0.9666666666666667,328.2,0.02
18,M,2025-II,14,10,17,10.4,386,3746,9,10,4,26,30,17,14,376d18410cbd4de9d79aba786dc44dbed5ec44903ed4bc96848d23fa3d1aa111,0,0.9,0.8666666666666667,1279.3999999999999,0.115
20,F,2025-II,6,17,17,20.0,376,2245,9,10,9,21,30,10,13,1018eb9225568b2c12a76710a1b86cb16e267c6866df95a8f5efdd60091b3041,0,0.9,0.7,826.6,0.04
21,M,2025-II,15,17,13,7.1,363,3956,9,10,7,21,30,10,15,4dcefcb8f5e688af65cb642dcc8e1bb01161f81089007d15b0f2b86907d572ec,0,0.9,0.7,1334.1,0.05
17,M,2025-II,13,14,20,13.1,241,2300,10,10,5,26,30,8,16,99d1406ff5622f05a685233fd0d57cd33780d18f42e34775f0f584654195f38e,0,1.0,0.8666666666666667,787.9,0.0
18,F,2025-II,16,20,12,12.5,158,2450,8,10,5,29,30,14,16,9017942ebdb8d7b719038a5f4148372c065282c3e97273305848aa34b692b09f,0,0.8,0.9666666666666667,799.7,0.0
21,M,2025-II,17,18,20,16.0,335,1494,8,10,8,28,30,7,18,755d4edec26e2696594658e1e64f3c570671e93138c027a56b0f66e446cb941b,0,0.8,0.9333333333333333,584.6,0.0
18,F,2025-II,18,12,19,15.4,40,1997,10,10,6,28,30,8,16,1a03a46c4982ed7a1a46f6c980baed30871a557c201e779712173e97f04dee86,0,1.0,0.9333333333333333,616.9,0.005
20,M,2025-II,5,16,14,15.1,236,2048,8,10,4,22,30,9,12,3f3689bda9e12761d280bae7b9dc4d365e5597224b43340018a23669e19ff1c9,0,0.8,0.7333333333333333,710.0,0.025
20,F,2025-II,18,17,15,6.0,367,2905,8,10,8,18,30,19,17,1b8403869ca4cf2d5e91389b7d83c266e6c660e4e4ef2d1e1059c3a6f6cb7a9f,0,0.8,0.6,1020.7,0.015
17,F,2025-II,9,20,12,16.9,209,1747,7,10,7,19,30,10,14,a762f308b17898b2f8c1ecb836a1534f899407289719f2c39f00de071c534db7,0,0.7,0.6333333333333333,609.8000000000001,0.02
18,M,2025-II,8,17,14,20.9,172,3748,9,10,6,18,30,17,13,7d14b2d8a7d537e2cc230a6965aa0b7407df12e0e4359caa8214ae3b2516d988,0,0.9,0.6,1194.9999999999998,0.065
19,F,2025-II,17,15,20,16.3,201,3047,10,10,7,25,30,14,17,408ebf13d6245db2308e76835633b3db8747f0e09a5f8fb1a02da94f5071014c,0,1.0,0.8333333333333334,996.6,0.0
20,M,2025-II,19,14,19,18.4,217,893,8,10,7,29,30,14,17,1644071bf2d1c3b24c74f95b5ecf0805438e141d0d36f0bb8e22cc1d7c091d9f,0,0.8,0.9666666666666667,356.79999999999995,0.005
19,M,2025-II,15,11,13,8.5,42,1597,9,10,9,29,30,16,13,c34f0e2fc1e2370260dd4e165feb474958685a64cef67f3f671c902f70ecf572,0,0.9,0.9666666666666667,498.59999999999997,0.025
17,F,2025-II,18,8,14,17.9,363,3218,7,10,5,26,30,20,13,c50a6c8aa6d697e2acf6ece7ea4a8b3e7697ce4cd23f76f9ba0fe675f19e4955,0,0.7,0.8666666666666667,1112.1,0.07
17,M,2025-II,17,18,13,15.8,268,2044,9,10,12,25,30,9,16,56d3327e5f97dbf50a0ce8743d7c9228b8567dc0aaf6998c5b9601390c1424a1,0,0.9,0.8333333333333334,723.9999999999999,0.0
21,F,2025-II,17,6,15,8.8,280,2128,8,10,9,20,30,17,13,e08ef249bb1c352f828ff48382fd1e6b52d8bab6862619487ec50acb715b7f85,0,0.8,0.6666666666666666,753.1,0.07
18,F,2025-II,7,6,16,8.2,363,998,10,10,12,20,30,9,10,c7275ba32d61b1386962199a9d59693e31b184d79f0eb80aece62ab859c2200e,1,1.0,0.6666666666666666,448.2,0.54
21,M,2025-II,15,7,17,6.8,131,2171,10,10,11,19,30,6,13,78601c9d53e970b5e2879a6064c7f889d196929d7ba626d3c85e285bce9a8128,0,1.0,0.6333333333333333,707.0,0.035
17,F,2025-II,13,13,16,11.8,75,3571,7,10,11,24,30,6,14,f9117257af64868b1576eaff0719d291fe6a93e719bc84b97ea57e235b741754,0,0.7,0.8,1104.6,0.0
19,F,2025-II,20,5,16,8.6,247,1207,7,10,5,18,30,5,14,ce13c910e915b0bc0bfe879471b28ef79bad202b40c30fca3bad914a739efa50,0,0.7,0.6,462.4,0.055
21,M,2025-II,10,16,14,17.5,283,3899,8,10,11,18,30,13,13,d30b2fc0470952f7e9d22a51b87fb1d250f69b77eed195b91de09943e0d350f9,0,0.8,0.6,1286.2,0.055
18,F,2025-II,12,13,20,14.9,86,3465,8,10,12,25,30,9,15,9c82bf942fe42fcbf655a79aded4ea7ef5e0bb93fc7ecbafaf1e30ecc3cdccf8,0,0.8,0.8333333333333334,1077.5,0.015
20,M,2025-II,7,18,18,8.2,246,1375,8,10,8,25,30,17,14,941564ae579e77b22c377fe0c09e6293f5fd29e496e49ef13a4f61f0e13d2d3f,0,0.8,0.8333333333333334,513.3,0.005
18,M,2025-II,16,5,16,19.0,179,3999,8,10,5,24,30,20,12,d63bcc6d58096936bf6a7b0e11547c68e5604f711b98877ac83d22ed44c3e097,0,0.8,0.8,1272.8,0.31
19,M,2025-II,12,9,14,12.2,330,2639,9,10,11,24,30,10,12,a47a749cdedae396e06f4531f9dc453a57da9da83f97f5aac84805dc4a459f66,0,0.9,0.8,927.0,0.01
20,M,2025-II,20,7,13,6.6,211,1554,8,10,10,18,30,10,13,2f6578f7c8ff340641e5094eb8c0fddfc452e1240eeb3b5b2ae9e958694004d5,0,0.8,0.6,553.6,0.055
17,F,2025-II,7,8,20,5.4,192,3541,9,10,12,30,30,8,12,62c932c6f32e67be1c6a5d3b672486e8f5350e9f489950653eb16cdce75d126b,0,0.9,1.0,1142.7,0.44
20,M,2025-II,15,14,20,5.7,267,1023,8,10,8,22,30,10,16,89830545a3a254388c61947430a6506422d7006567a175e7f016d463d6dcb1f4,0,0.8,0.7333333333333333,416.1,0.0
21,M,2025-II,19,17,15,18.1,361,772,8,10,10,18,30,14,17,5652895f785745748681844dd4ae812aba9c5a73f4b6c83ceb4874b8c2098e76,0,0.8,0.6,379.0,0.01
21,F,2025-II,15,11,15,16.4,158,778,7,10,10,27,30,5,14,0b6842f06736adeb375ac2c627a9a99e89c703f7bc3baaff85f9ed63248b41ad,0,0.7,0.9,299.59999999999997,0.01
20,M,2025-II,15,18,16,16.3,66,1668,7,10,10,25,30,10,16,6f04f1b9fdf5631bc8a80c05ed88255fd0b025655bb26cbc7c0516150c6aa069,0,0.7,0.8333333333333334,529.8,0.0
17,M,2025-II,11,14,15,7.0,358,3792,10,10,12,25,30,12,13,d859f0b4d0497632a7df26e3e2ebff6be34d336c34113a67b6c210c54143426a,0,1.0,0.8333333333333334,1284.3999999999999,0.055
21,F,2025-II,17,7,20,16.6,353,2130,7,10,9,26,30,17,15,656443e9626e7c3226ed518ec1258c774c791d7fa2f704d87135d80e27257d83,0,0.7,0.8666666666666667,782.9,0.015
18,M,2025-II,20,13,19,14.2,212,1223,10,10,9,28,30,16,17,323d99fb6bcc89da4d4240e602d30ff10dfe31b72b68681f8513822c5a5e7f79,0,1.0,0.9333333333333333,454.4,0.005
21,M,2025-II,14,12,18,13.1,391,2523,10,10,5,30,30,16,15,d6b7868db980179c3cf19370e89ed201c053ca9914de4dde1d095dde27b927a1,0,1.0,1.0,914.8,0.0
18,M,2025-II,5,12,20,6.2,66,3339,8,10,8,18,30,14,12,2ce596040a7075f26145597e7977a67ecd53863cba9d196e195b9f5793c67a7b,0,0.8,0.6,1030.5,0.115
21,M,2025-II,14,18,17,18.1,65,2264,7,10,4,21,30,18,16,e0ae3fc9ed60771960c925e784beb164b30bf1fe9f7a54c04056f2d315c65df9,0,0.7,0.7,706.4,0.0
20,M,2025-II,11,16,17,18.9,46,1966,7,10,11,23,30,9,15,e5fb0889a38770df16ee0cdf63dea71e0301df9c4d85adf44e8bc6de0913589e,0,0.7,0.7666666666666667,611.5,0.01
17,F,2025-II,10,9,20,13.6,139,2146,7,10,9,19,30,15,13,32ca91bf19af789d447ee6e459bcc9547148169bcd5d962761456b1e5f743864,0,0.7,0.6333333333333333,702.0999999999999,0.07
19,M,2025-II,19,14,13,8.7,52,2883,10,10,8,24,30,9,15,43560cdaab8fb17d71ce9b9fb7d71839259cedb48c8863a965443d5965f81405,0,1.0,0.8,888.1,0.02
20,F,2025-II,7,20,13,14.4,309,2721,8,10,6,23,30,6,13,b4b1bd14e3e69ae087b9c8e36f558583ab7d3734494375546bfcdbb289806365,0,0.8,0.7666666666666667,941.6999999999999,0.025
19,M,2025-II,14,19,13,7.8,162,1607,9,10,12,19,30,5,15,6965d7d49c80672110b8f6267a36eeb9bfeb3e3e8fec80719e161ae3812334bb,0,0.9,0.6333333333333333,550.5,0.005
21,F,2025-II,11,5,16,16.3,356,2796,8,10,7,28,30,11,11,9f0617774dc144a839b33130ce66d8e96cb3f52390949ea09f97f2ad5019cdef,0,0.8,0.9333333333333333,983.3,0.065
19,M,2025-II,5,16,19,8.6,79,1404,7,10,11,26,30,10,13,c01d4f8b33d160a47dfdb5ad97c460dce588705734daf240a654379f10b7223f,0,0.7,0.8666666666666667,456.09999999999997,0.04
17,M,2025-II,5,5,13,8.0,311,1853,10,10,5,26,30,13,8,1b8fba673a4e29a78ac5099300228892dd64fc526934613b6905cf589b975c9f,1,1.0,0.8666666666666667,681.8,0.9
18,F,2025-II,8,18,12,18.9,363,1195,8,10,5,27,30,6,13,d7d68e32ee73555cf7a4a7a657bbdbf7861fabead32cd98708a35d6761eb96cf,0,0.8,0.9,505.20000000000005,0.075
17,F,2025-II,11,17,15,11.1,306,3802,10,10,12,24,30,14,14,d09605fed1da74085391f0ee66bb3dd0f9f1a38ec6885b0f989edf1b2eb9ac01,0,1.0,0.8,1266.6,0.05
17,M,2025-II,13,5,15,17.1,318,1876,7,10,6,23,30,10,11,e19caae2d7a653d73e0ea47c7b7d2b3cec39efe97df564b49b1e3ac58738fd8e,0,0.7,0.7666666666666667,691.8,0.04
17,F,2025-II,6,17,12,5.2,94,3570,8,10,6,23,30,17,12,882c38c33e5f43f01653397f4dcbad521eb4ab464b6c10f448de76e390f37458,0,0.8,0.7666666666666667,1110.4,0.03
21,M,2025-II,11,12,15,9.7,285,1047,8,10,10,29,30,14,13,8b13a5770c5ea41201ddeb522cc0d84e26ad64ffc460f530d67995a449800a93,0,0.8,0.9666666666666667,431.09999999999997,0.0
18,M,2025-II,18,8,16,6.7,69,2253,8,10,6,18,30,18,14,82e9222fb600ed717a58af384e394e1197209bc50099cc32ae02b76045a714c6,0,0.8,0.6,705.3,0.03
18,F,2025-II,17,18,17,16.0,144,2113,8,10,5,29,30,10,17,c850c93fb3d7c60f4c686da0eb04450f9ce460c0a649538aeb0c0fefd0e5d4f0,0,0.8,0.9666666666666667,693.0,0.0
21,M,2025-II,8,20,20,15.5,157,2330,9,10,6,20,30,20,16,84259c4e4d167685c42a845f5deb146d41efbd26bcbef2f5db74b928ef78fe24,0,0.9,0.6666666666666666,763.6,0.02
20,F,2025-II,9,14,14,8.4,385,2592,10,10,7,27,30,11,12,4c86c050cbdd2888bf2c2d8b4fd17cd20a5706b01040cd135f056d7a73acaef4,0,1.0,0.9,933.7,0.02
18,M,2025-II,9,9,16,14.2,328,772,10,10,9,18,30,19,11,341bef4a2f964ba22aadcffc7b74a1eda208c83b22b6e31fc459dc6a16f12265,0,1.0,0.6,365.5,0.135
19,F,2025-II,20,15,13,9.3,66,624,7,10,7,28,30,8,16,e8cda98f48869e4b96e3d0aea8804c1531c03b42bd63373df423af94c4763b7b,0,0.7,0.9333333333333333,215.7,0.005
20,F,2025-II,20,16,18,20.6,219,788,8,10,5,21,30,20,18,703eba831d77e705d48ae5dc1ecd05b1525942729ab22f934b1bbdc4bdf9ddba,0,0.8,0.7,325.5,0.015
21,M,2025-II,15,7,19,16.5,155,2735,10,10,9,28,30,15,14,6ffbb19bbf0ec8489080d32e0f3c6dc505709987b0c379b1193cca145a4751e7,0,1.0,0.9333333333333333,885.2,0.015
21,F,2025-II,19,5,20,9.2,340,2713,7,10,5,25,30,18,15,0dbefea9daadbbbc190fb8a6a27c48c81dd2e81d02a469be2e3bd65c38e74f5c,0,0.7,0.8333333333333334,951.4,0.025
20,M,2025-II,5,20,15,20.3,213,1142,7,10,10,30,30,13,13,2917f7527e05dd76cc777f4512a2d6b5282cf9a5ecdc2eeb37a207b62211f734,0,0.7,1.0,430.79999999999995,0.08
20,M,2025-II,11,17,13,11.8,393,3357,9,10,4,30,30,6,14,86d2541fe4bb382d7cdfe4c4a40ccad22e6f253cce8abaabaaee2f9b7ce9b3b7,0,0.9,1.0,1165.5,0.035
17,F,2025-II,10,14,12,15.7,389,828,7,10,7,18,30,13,12,4b55c218299b6b9972079e53502c6362f32602af0d41043a9db10711e4868758,0,0.7,0.6,406.1,0.09
19,M,2025-II,18,13,16,9.3,290,3258,8,10,7,19,30,17,16,958eebb5cb6a7f81762d3e167e68c0accfafcb148405f0f2ef37d0cd5f5514a6,0,0.8,0.6333333333333333,1095.5,0.005
18,F,2025-II,9,20,17,5.9,197,622,8,10,6,23,30,10,15,2d9d77daa5f43511e3eb2840437a86683bb0d2152d42056c27c3342c2e3dd7bf,0,0.8,0.7666666666666667,267.2,0.02
20,F,2025-II,19,5,17,6.4,273,1082,8,10,7,30,30,13,14,76ad3348e8915e643d798caf38e4e0aae41c04fc121b3f585aed3d343484a545,0,0.8,1.0,435.9,0.02
18,M,2025-II,20,18,12,9.4,393,2899,8,10,9,20,30,10,17,13913128774384a93f60839f33d9299bb6b97544b8c4c89d3e32b2fc4c049f75,0,0.8,0.6666666666666666,1029.6,0.0
19,F,2025-II,19,15,12,11.7,353,1966,10,10,5,19,30,15,15,7445293ae2a56b0bf4ef606604d05f47daf4886b6bd45e967e0c8ff412abe7fc,0,1.0,0.6333333333333333,732.5,0.005
21,F,2025-II,8,7,17,20.9,279,1648,8,10,10,27,30,11,11,21349181000e231966b2a2d4b71672befe6070bc74ceb4b0d7b1f5231c81c2d9,0,0.8,0.9,609.0,0.495
21,M,2025-II,11,6,19,17.6,107,933,9,10,11,30,30,8,12,d18ac665a78b9a1c75ae00e427acd49cfc3e794adc92163224a56533dd259b1b,0,0.9,1.0,326.0,0.03
20,F,2025-II,20,17,19,17.1,396,1336,9,10,7,27,30,17,19,566eff7a40d0c7603c2be281bb735c8064d868a3197312000600ba26741a2e70,0,0.9,0.9,561.3,0.0
17,M,2025-II,11,11,20,12.8,54,3909,8,10,12,19,30,20,14,34f9d0c72056a537464c7022768fda70ce21543f95bf71f058582ba0c9c8bca9,0,0.8,0.6333333333333333,1197.9,0.14
18,M,2025-II,6,20,17,13.1,54,1428,10,10,5,22,30,6,14,5c27e870df963941c9e3fae44c9aac6c8131c2e0dc9ab29c96d7ae4a21351a37,0,1.0,0.7333333333333333,451.5,0.045
20,M,2025-II,15,18,18,16.5,112,2386,8,10,9,27,30,8,17,38dd069185000431ee7beef2652386b9eb55c03896c5aba95aa4db564fcfa721,0,0.8,0.9,763.3,0.005
17,M,2025-II,18,5,12,9.7,56,3908,8,10,7,25,30,9,12,4706832e0af7a7e6046bc18fd0188c27388ec8845b28451f04fc2bb4faccf43c,0,0.8,0.8333333333333334,1196.8999999999999,0.205
18,F,2025-II,8,18,17,11.4,279,1225,7,10,12,27,30,16,14,c412b4fdb395f00ffd0e98f5eb1b2c84f7a0ad9f402d385ca755f127bf759f70,0,0.7,0.9,482.7,0.025
21,M,2025-II,9,6,14,20.5,361,3754,10,10,12,18,30,20,10,866b8ef53d2c2554df15af761ed3f7aca2a5999bc6012194384e423d1fdf911c,1,1.0,0.6,1274.2,0.755
19,M,2025-II,16,19,17,12.6,341,2318,10,10,6,21,30,7,17,ec9c88d64e285a81181e2afd1b4c48c367827f74aebef2f71903db06884a6cc3,0,1.0,0.7,833.6,0.0
19,F,2025-II,15,6,16,20.5,351,3448,10,10,10,30,30,12,12,56a2916e477c09064f9bb00f6292d3859e6040d8079bf17e087bb69343b5d60f,0,1.0,1.0,1177.8,0.095
18,M,2025-II,10,6,18,15.4,334,2678,7,10,7,22,30,13,11,363025424285438a79a2f0cbb7f1123fad5746fb86f8756e05230cffad009b77,0,0.7,0.7333333333333333,939.0999999999999,0.11
19,M,2025-II,16,18,17,5.7,157,1563,8,10,7,25,30,15,17,0020ea1192b07935fbf892633aad0c7dc7b87c535deafe8696c2349983ba611f,0,0.8,0.8333333333333334,533.8,0.0
19,F,2025-II,12,12,12,15.8,110,1612,8,10,5,18,30,14,12,b7b98acfcba0e38b7dc4fa74a3a04dc97a4f5c18dbcfb9757bc239dab7001c69,0,0.8,0.6,529.0999999999999,0.04
21,M,2025-II,11,7,19,7.6,310,1198,9,10,8,25,30,9,12,bb51cafc0f167865bffb5028371acf21e321d7104a5b57ee21d6769856e9411a,0,0.9,0.8333333333333334,485.79999999999995,0.08
21,M,2025-II,15,9,12,17.7,294,3191,7,10,7,22,30,5,12,2544e04fb4c6a6bc4e979366122609137a968fde09362292d449d65ecf192265,0,0.7,0.7333333333333333,1077.0,0.005
20,M,2025-II,18,18,20,5.1,81,3291,10,10,6,25,30,19,19,60d7eec5492cf6c965b669be8769c0ccfc20a293b48662baefadea1e76cf7967,0,1.0,0.8333333333333334,1021.5,0.005
20,M,2025-II,11,20,15,18.8,104,1448,8,10,8,23,30,18,15,25cf0f0314884709eefc6a00097e257bb67ca116e5112430415bc73280c3c20c,0,0.8,0.7666666666666667,478.4,0.005
20,M,2025-II,8,13,14,10.5,181,1675,9,10,11,21,30,15,12,19ed4419dc625da9aecd0811dde44a5a29e30c1c6bf1f330c41b64f14d5e63d7,0,0.9,0.7,578.2,0.0
21,F,2025-II,6,19,15,10.2,258,3461,8,10,6,21,30,9,13,a003ca13af3adf75a25d77288604b169f450f89a994b07778749dde217e81f90,0,0.8,0.7,1143.3,0.02
19,M,2025-II,14,12,18,5.9,260,3988,10,10,9,19,30,10,15,cbb948d9fda2795e8ecf79c1dc834d0d80210533629977df70e2cee5cf20e52f,0,1.0,0.6333333333333333,1303.1,0.075
17,F,2025-II,18,18,18,11.4,148,3250,7,10,8,24,30,12,18,dc7933cca49c3ad43c185f5627442fc15cfde5048c07cd382ccd78fd72ede0c0,0,0.7,0.8,1036.6,0.0
18,M,2025-II,13,7,13,18.7,310,2713,9,10,11,26,30,6,11,d18d8f99208a5214f7b952ee954dd198e1face05f60bb1688ea904addc71a07e,0,0.9,0.8666666666666667,941.1999999999999,0.02
19,F,2025-II,17,8,14,20.0,281,3180,10,10,11,21,30,15,13,9bac9888c298e4fbbbb9433a7de69803cb8e6d7cbf5e41f2706918162aae73c8,0,1.0,0.7,1069.7,0.07
17,M,2025-II,20,8,20,13.2,150,3640,10,10,8,28,30,7,16,303f58d4ad1e4889570de5646bf23c1ee292bf5897247c840031c6d2dbab4397,0,1.0,0.9333333333333333,1154.4,0.05
18,M,2025-II,16,18,14,11.0,199,984,7,10,8,24,30,17,16,0ca391c234e5425f3e1a9f5a012203a8768ef9ae6b0dae9aa2b45d6061c93f7c,0,0.7,0.8,377.2,0.01
20,F,2025-II,19,5,14,5.8,77,3267,9,10,12,22,30,9,13,acd87a2bb8d170320bc07ebc0a0eefa3ed2d6da40dcf99d5feed705d256b1924,0,0.9,0.7333333333333333,1014.4999999999999,0.025
19,F,2025-II,20,5,16,18.0,60,1633,10,10,12,29,30,5,14,4aacd8c4f6ce758f739ae284255b32ff3bf5d667528274b3a4ea78d8c4653565,0,1.0,0.9666666666666667,517.5,0.025
17,M,2025-II,8,5,15,18.6,57,1835,10,10,6,22,30,15,9,c6c3bb6e52e9e9e28e0073e1f7f35a55dba7fac0767c53e8ad2bee9338312f9e,1,1.0,0.7333333333333333,575.1,0.72
18,F,2025-II,8,9,17,9.3,250,2115,9,10,6,19,30,14,11,4fe2526d0a6ea24c7e11a248349cf9bd62e39ffc3f57f14344970db3cde4a6fd,0,0.9,0.6333333333333333,736.3,0.095
17,M,2025-II,17,18,16,11.1,72,3984,10,10,6,22,30,19,17,60263f090cbe1e6469a588bd114b77ab9da41a15bb635a2a429473897d194884,0,1.0,0.7333333333333333,1225.8,0.03
18,M,2025-II,14,5,17,11.1,383,1019,9,10,8,29,30,7,12,db9c0824ac3c46c3fe75ac516320df0e89e253ea5f211efff9dc868d8395df64,0,0.9,0.9666666666666667,461.3,0.01
19,F,2025-II,17,13,18,17.2,205,3779,9,10,6,18,30,15,16,a61849775db857e0a185d69c4be7e0961ba9b44adf217ccb7a33075084e4b7eb,0,0.9,0.6,1217.5,0.01
20,M,2025-II,9,15,18,14.5,195,2790,9,10,8,29,30,20,14,512adde2735f2a230b07a32ac68a45fe38bd36ae9e68b2e4b1247c549fd60bf7,0,0.9,0.9666666666666667,917.4,0.0
20,F,2025-II,15,9,19,15.6,85,3419,9,10,11,22,30,19,14,8bc0cb8eceed010cfe412c293b7858bd95035f693e0e67b4f0b22a685e0eafae,0,0.9,0.7333333333333333,1063.0,0.005
19,M,2025-II,5,9,17,10.2,296,2647,7,10,5,22,30,16,10,3f11e69c6ba9acebf2cd987ae28510290f6cae4888eab37aac46ce7c3ccd83cf,1,0.7,0.7333333333333333,914.0,0.655
19,F,2025-II,14,11,12,20.2,400,1728,10,10,12,19,30,9,12,a47f4340bb0fef1bbbdead3c1b6683a91b85f3ef62cd25346b35ef0031b75215,0,1.0,0.6333333333333333,682.0,0.05
18,F,2025-II,15,8,18,5.4,200,2948,9,10,12,27,30,18,14,8852e66120b9cd51f6cfdcb4b726301ecb902a9b71714e59e2a4feff96629cae,0,0.9,0.9,968.0,0.02
18,M,2025-II,20,16,13,13.9,231,3690,9,10,12,22,30,16,16,6055e071449c7fd1ebcfe38230b4c3c11b9acab780e65a773d114d654ea84b67,0,0.9,0.7333333333333333,1203.0,0.0
21,F,2025-II,8,13,12,5.9,149,766,8,10,4,29,30,8,11,4d5882433423351828308712561d230d8640c4320ec1d300b9ddd72a226935b4,0,0.8,0.9666666666666667,290.59999999999997,0.09
19,M,2025-II,5,10,16,20.5,261,884,9,10,10,29,30,9,10,6fee5ed2a7e847f6947417ad4a62fc378a8083bd64d3aded898b5a7ce3d22f44,1,0.9,0.9666666666666667,372.6,0.81
19,M,2025-II,16,17,15,9.1,353,648,9,10,8,26,30,14,16,99d98b0bf154902134f3b313e8874f367f375a137b1e7386c3eb923e849ec3f4,0,0.9,0.8666666666666667,338.0,0.01
19,F,2025-II,6,17,19,16.7,86,2190,10,10,10,29,30,7,14,fa986779d734fc16bd0acc59ef54b136c730e5fddeafa532b8e82b7c56a13c25,0,1.0,0.9666666666666667,694.4,0.055
19,M,2025-II,16,15,16,14.1,324,3706,9,10,4,29,30,13,16,1f6bc3a3261232d4efc78a3f17d29a4510458ae7eb40497ad64c2944d07b7658,0,0.9,0.9666666666666667,1242.6,0.01
18,F,2025-II,8,8,15,11.2,138,1429,9,10,4,26,30,19,10,0c2f4df0aecf40b184d1870ca8bbc1b4f5a7badef60736e4d8e6a00f6a1efed1,1,0.9,0.8666666666666667,485.1,0.73
18,F,2025-II,6,20,16,13.6,354,2610,8,10,8,23,30,8,14,2d6d239ba8d51f8141d99a7ae62b5fac0fb532fca3449722fe283d5ba3f069b5,0,0.8,0.7666666666666667,927.0,0.02
20,M,2025-II,6,9,12,14.2,257,2435,10,10,7,22,30,16,9,dc7933cca49c3ad43c185f5627442fc15cfde5048c07cd382ccd78fd72ede0c0,1,1.0,0.7333333333333333,835.4,0.415
21,F,2025-II,17,20,17,13.3,42,2834,8,10,5,25,30,6,18,67fc0a2d21a2265895dd2d566e1bdf8f716df6d680e8f721bf4f768b1d3bf128,0,0.8,0.8333333333333334,868.4999999999999,0.0
18,F,2025-II,6,10,14,17.9,246,2198,8,10,9,26,30,13,10,7edd7dba953d0c5916ded3a03cb7cd77b2d61a58ee4e638755c553cf964eb5d2,1,0.8,0.8666666666666667,760.5,0.72
19,M,2025-II,15,16,18,17.8,227,2136,9,10,7,30,30,6,16,f36984e2a35c9a8d2f3da90cc0db5bbdccb7152f9d2e74d67c119fa7a2d4401c,0,0.9,1.0,733.6999999999999,0.0
20,F,2025-II,5,6,18,10.5,103,3361,10,10,11,24,30,16,10,19804ba81f0ba047e4a4324fe1c557dce0ae8cc107ff610216a94f643f2eb26e,1,1.0,0.8,1052.8,0.54
19,M,2025-II,10,6,19,20.5,293,3462,8,10,12,21,30,14,12,39a65dbb869e13f190aba56213c293f1be81037d3ac47ce9815a5be367ad1183,0,0.8,0.7,1159.3999999999999,0.38
20,M,2025-II,6,11,17,7.7,104,1201,8,10,10,24,30,10,11,04be57f4510d8dc99eda9f2d3c45301156193d08f4c12ea9ce09dce67d7bc5a6,0,0.8,0.8,404.90000000000003,0.1
18,M,2025-II,18,7,18,15.8,357,3494,10,10,8,27,30,20,14,b100805772987a2cc3cb738289a06ef411bd11e1f3e56567593d896849667a82,0,1.0,0.9,1193.4,0.02
20,M,2025-II,11,7,16,14.6,399,856,7,10,6,26,30,8,11,3787f3f101b816a93eee5a97aefc4f12b8b6d17a42b385222288a2644dab7e90,0,0.7,0.8666666666666667,418.20000000000005,0.15
17,F,2025-II,5,17,12,12.4,53,1330,10,10,5,29,30,19,11,4cea30cc096ef71fb249fc2b5b5c55f45c44856f0f886f77c6cd760f2631904b,0,1.0,0.9666666666666667,421.7,0.025
20,M,2025-II,8,16,15,14.6,371,732,7,10,9,26,30,16,13,11a003c2925647097791bbc32d8cb8f23e1472498cfb3a83844d5b8b78bdd38b,0,0.7,0.8666666666666667,370.7,0.02
18,M,2025-II,15,15,20,6.6,87,3141,10,10,5,22,30,8,17,035f561da4acac507fbb7a73fac93d28d63f3ea092266bbfdaaece74aa9476c2,0,1.0,0.7333333333333333,978.5999999999999,0.01
18,F,2025-II,7,9,12,19.0,317,1344,10,10,9,19,30,16,9,9616b6c2742de8daaaa0990e5fa13d19ba5a5c05a36803387157f84b8861f672,1,1.0,0.6333333333333333,532.7,0.765
18,M,2025-II,11,16,12,12.5,392,2254,10,10,12,21,30,15,13,64cc3dc5434e841d02362831f8e030b767003db1e3b83b448455dc7c4c053c5a,0,1.0,0.7,836.5999999999999,0.0
17,M,2025-II,12,19,17,6.5,147,2556,8,10,8,29,30,12,16,70fc8bddba571a7e355526597d921781712ad70847dfb259c5a0f3c7379a5bfd,0,0.8,0.9666666666666667,828.0,0.015
19,F,2025-II,10,6,20,19.4,370,2736,7,10,12,24,30,16,12,33162768020b8eb9885ae89c960f755f8a615b50f00ddd2326b9ed0f534e0889,0,0.7,0.8,972.4,0.31
19,M,2025-II,20,10,18,18.8,248,3600,9,10,11,24,30,20,16,bcdf4c51c9bebc1d7d69d9b3bfc509c05d6b1974a4dca4430eb2726bfa8a523f,0,0.9,0.8,1182.5,0.01
18,M,2025-II,20,7,19,17.5,102,3637,7,10,7,19,30,7,15,a483923a992a85dc830ecd698bf5d25690c4e4767457e34df12eac60cfa74ea8,0,0.7,0.6333333333333333,1134.0,0.02
21,M,2025-II,13,16,12,14.7,219,2881,10,10,4,30,30,16,14,b714b48533420f4555b6e70be6278c85fe94025a2344ab62060a473143626020,0,1.0,1.0,953.0999999999999,0.0
21,M,2025-II,11,8,19,9.4,62,2701,9,10,4,27,30,10,13,2f06aa97fd9b3146c86f5702bf916e12d8c59c0ba2d85ddfe4ceae9e22b9c437,0,0.9,0.9,836.3,0.175
17,M,2025-II,7,14,14,18.8,315,1980,8,10,4,18,30,17,12,f6b29070f2e4c6af0012d8b5da36f4fad3a852f825a98370f7cecbb24fe5b42f,0,0.8,0.6,721.2,0.045
21,F,2025-II,13,13,17,8.5,318,3188,9,10,5,26,30,12,14,3e06fc1a5e2f9e02ac0e01af3281c7dcb26d0919738dd485f63a4c7ed42f7ee2,0,0.9,0.8666666666666667,1085.1,0.01
20,M,2025-II,20,7,13,18.1,155,1109,8,10,5,26,30,7,13,270e61d8c2578258a20a696e48c8b5876f7e848c8a1eb417ab3e3f405c35e280,0,0.8,0.8666666666666667,396.2,0.005
21,F,2025-II,10,12,19,17.5,155,2864,10,10,10,30,30,13,14,4ff5945f660c4177e5c1a0de44add5a0c53eccf3540e45c8aa3f25f0932540fb,0,1.0,1.0,924.1999999999999,0.0
20,M,2025-II,10,18,18,5.1,97,3989,9,10,5,26,30,6,15,fc43b98cd09f9edec701c3aff1ec75f9ac6df15ff1a4d0a4ffa7f06261475097,0,0.9,0.8666666666666667,1237.0,0.065
20,F,2025-II,18,17,14,9.7,377,1259,8,10,5,20,30,16,16,f4456243e9842ed38ae92090083a5a82ca12cd9a0d79d4bb2813ee408379a6a9,0,0.8,0.6666666666666666,530.0,0.015
20,M,2025-II,11,20,17,9.3,171,3624,7,10,5,19,30,20,16,6c483c3d7f1f3756d58f1a172e9dd5d0be72b8a73b6928dccf5a172b11eed335,0,0.7,0.6333333333333333,1157.1000000000001,0.005
19,M,2025-II,9,10,19,13.4,109,3775,9,10,7,19,30,11,13,ae15af5ad244126755fc11148e3506867d5709bb1f63f1f7d9d93024bcd7b4e9,0,0.9,0.6333333333333333,1178.2,0.04
18,F,2025-II,7,16,19,10.5,99,1713,7,10,10,21,30,11,14,e4758c63b9af60251ff5f05ec37aca2e9148179ddfe80482fe08a56a49c43dd3,0,0.7,0.7,556.5,0.01
19,F,2025-II,13,16,20,6.0,230,1432,9,10,8,24,30,9,16,6c2f2b5625e729c52c9a75b1dec5084bf2130c5ee7f8b45a8473658cb4c9364c,0,0.9,0.8,524.0,0.0
18,M,2025-II,20,15,12,9.0,289,2798,7,10,7,23,30,10,16,7fc0ce3bc48f7e160161cebd2dff5e67cf628b13a63580a77883f89cdb43c9e8,0,0.7,0.7666666666666667,957.1,0.005
17,F,2025-II,16,16,19,6.9,85,838,8,10,12,18,30,17,17,334b3290807f1e285c32aec93e1ec1ef0eedfd284d7e8e9a102e6b996847a74f,0,0.8,0.6,289.0,0.015
20,M,2025-II,19,13,19,9.5,369,2593,9,10,4,29,30,11,17,2c2d565af8de68325e5b2380b290819007c51fd9e891e0e5667cbb07f8faeca5,0,0.9,0.9666666666666667,926.6999999999999,0.005
21,M,2025-II,19,20,19,10.3,218,2286,7,10,4,26,30,11,19,c5d5ffc4ce1d3355c12c4281ea9d5b55514b912c91ba2b6936cfeba44093c696,0,0.7,0.8666666666666667,774.1999999999999,0.0
21,F,2025-II,18,18,20,16.8,299,985,9,10,7,26,30,18,19,e1ae95867a367bc92d5c90f7151f974c84a409c96794dcdf98c77720a02db020,0,0.9,0.8666666666666667,417.2,0.03
17,M,2025-II,20,6,14,20.3,271,3062,7,10,4,24,30,10,13,475c4dce5ea21e1462977d6656b523010d774d6c8d6d268b0e7e52a1d5a1117d,0,0.7,0.8,1028.2,0.05
19,F,2025-II,10,6,14,15.0,306,952,7,10,8,18,30,14,10,86f2bdbb6ff388502489a3255ebf9d35541949daae7a9318c17cefbc37c88e09,1,0.7,0.6,410.4,0.71
20,M,2025-II,16,15,15,20.6,44,1533,7,10,5,20,30,6,15,48f5fef848d492f4cb92d8f271c18dbd7c944a360162f96e844d6ccf3009e4ec,0,0.7,0.6666666666666666,479.0,0.075
18,F,2025-II,10,7,16,7.8,196,2463,8,10,11,20,30,18,11,ae5f6cb232cb8d3b45aef75bcc05932d4073bb498896d5d504d31c20655ac9f7,0,0.8,0.6666666666666666,820.6,0.085
17,F,2025-II,14,5,15,12.6,186,1415,8,10,4,24,30,9,11,1ac172dac0646e8cf5f239b2e7f92950157f8a0fc5b0e5ff7fa733097d74a099,0,0.8,0.8,500.1,0.035
18,M,2025-II,18,14,16,7.4,236,3234,7,10,11,22,30,20,16,57b5b25f53e41bed11cf716dc88c22bed8c4d1dd2cfdb5a9aa41c211dca0f244,0,0.7,0.7333333333333333,1067.8999999999999,0.0
19,F,2025-II,14,5,19,11.7,368,3218,8,10,11,24,30,12,13,e84b67a90b0aed2dd6e48e273d9f3281de344d2c2fe2b757de53898c76dd4b52,0,0.8,0.8,1115.9,0.035
19,M,2025-II,19,7,19,14.3,293,3149,10,10,6,20,30,16,15,7dff720c8743c5a475ddda9a6394c1a8f25cdfe44900d9d4af283e49edc6b418,0,1.0,0.6666666666666666,1063.6999999999998,0.03
21,M,2025-II,18,7,13,13.0,256,3123,8,10,10,18,30,7,13,f92fbdd75e211094c087d2cf07d107e8b97d28389a0946063b93190d37e41a19,0,0.8,0.6,1042.3,0.025
18,F,2025-II,18,19,16,5.4,394,2166,9,10,12,27,30,10,18,015f78ab36c13bbcf1a269763461dbecc9ca69862a731a180a4c340489d79ea6,0,0.9,0.9,811.0,0.0
21,M,2025-II,16,5,20,8.3,373,3221,7,10,10,28,30,5,14,bbe702a1e3e10e35afe57fd4d897dc88853370a93d9daafea411b46b617924cf,0,0.7,0.9333333333333333,1118.5,0.035
20,F,2025-II,10,11,17,17.3,123,858,9,10,9,24,30,18,13,a901b4d97a9587c4d579039e032235c07863eb0d364b3dfba456ec6a86ddb853,0,0.9,0.8,309.29999999999995,0.045
18,F,2025-II,13,12,16,14.2,271,3766,7,10,10,25,30,7,14,52193746a7c9acdc1d011bf4179a8d43f2af17734c873aad1ba51fa27cf608f9,0,0.7,0.8333333333333334,1241.2,0.015
21,M,2025-II,7,10,14,11.2,362,2787,9,10,7,19,30,16,10,2048caf2eba1884e73db73d796fb3903a871787d4c95aeb434ce09c319a4649d,1,0.9,0.6333333333333333,983.0,0.675
20,F,2025-II,15,17,14,7.9,302,2348,8,10,8,21,30,20,15,ff34cda019fcfdf2f9476f0b281ebc6e32a82e14cdf452d710a5213c78aebcaa,0,0.8,0.7,827.6,0.01
21,F,2025-II,13,18,18,12.0,143,1901,9,10,9,29,30,15,16,c7275ba32d61b1386962199a9d59693e31b184d79f0eb80aece62ab859c2200e,0,0.9,0.9666666666666667,630.1999999999999,0.0
21,M,2025-II,12,5,15,18.9,250,2820,10,10,10,24,30,8,11,a8577559e9b6c4da9297c457d787de116454b652f766084e5fc2636ccf4f44a8,0,1.0,0.8,949.0,0.135
21,F,2025-II,12,20,20,20.1,72,2183,8,10,5,18,30,18,17,646a60cdfffc8ee65a35c5bc4fcd1d84a3c566238d303ff4558591b0c32fe559,0,0.8,0.6,685.1999999999999,0.035
21,M,2025-II,17,15,20,16.6,331,1582,8,10,12,22,30,9,17,325cb5f2c390a885f1d9f273fb4f95b070c5972213ca199d2aa10ac23794cc67,0,0.8,0.7333333333333333,610.5999999999999,0.0
21,M,2025-II,8,20,15,20.0,66,3844,10,10,10,29,30,19,14,da1800d06d428c482eb27a77616e729e3743659f8c5caa9f494ceb3a07cf5734,0,1.0,0.9666666666666667,1182.6000000000001,0.02
21,M,2025-II,16,13,12,18.7,91,3123,7,10,12,28,30,12,14,9e9af3a132862734b9994665af667b665d523acc7da18be55ecf7f9b1bb73f9c,0,0.7,0.9333333333333333,976.9,0.0
21,M,2025-II,5,18,20,8.7,310,922,8,10,11,24,30,7,14,e5aa6068fa444583b4fcb0086c2f374449acd488179245fe28a100727e5e0981,0,0.8,0.8,403.9,0.19
21,F,2025-II,14,12,17,13.3,221,2201,10,10,8,29,30,8,14,fd8bd4fe49dc8d4aa33417e7dbac43b668af8d7db53fbe0498471a180bcf278d,0,1.0,0.9666666666666667,751.0999999999999,0.0
18,M,2025-II,18,7,19,17.7,187,1564,10,10,8,28,30,10,15,98dee734e001e44ec326d158c17ddf8e37d7832cfa12a6848b2ac872f9bc5e43,0,1.0,0.9333333333333333,546.4,0.005
17,M,2025-II,20,11,17,17.0,242,1875,9,10,4,18,30,20,16,913453d774eca1247e3416fbf5cffc32cfac3f32a38b7482690852b2125cfcae,0,0.9,0.6,660.5,0.015
19,F,2025-II,7,8,12,8.8,50,4000,7,10,4,18,30,17,9,ae4a4ffcb0b7f61c497ab3b4f601f99c8961bc712777eb1baa060b7bebed0610,1,0.7,0.6,1221.2,0.815
18,M,2025-II,7,15,19,18.3,122,637,8,10,6,28,30,15,14,1ef193f3aaf9e6228b5c3f526924d2a435e43b1b1e9b06b184111771668beebe,0,0.8,0.9333333333333333,241.7,0.035
20,M,2025-II,11,8,14,10.7,178,1338,7,10,8,26,30,9,11,e4d1ab44f191a044b70f91aa0c3e6fb64843ee6334ee2e6b8ac94789c46c15e0,0,0.7,0.8666666666666667,475.0,0.04
20,F,2025-II,18,15,16,9.5,184,962,9,10,10,20,30,9,16,4947d55ba77959341ab7c51dd9642a98dee815a2d10f741b764fc5855444d20c,0,0.9,0.6666666666666666,365.2,0.015
17,M,2025-II,5,8,18,6.9,139,3749,9,10,4,21,30,19,10,1d9978febe4f14196809614e8c12ef13ab6244f683cf58a110f1f960ad13e0e5,1,0.9,0.7,1181.5,0.645
17,M,2025-II,8,10,15,13.2,368,1277,10,10,9,20,30,12,11,c75aa4e33cad0b8d41acd5ab66611932cb8722d5f1dc07fa89c4947926107870,0,1.0,0.6666666666666666,533.0,0.095
19,M,2025-II,9,17,13,14.2,210,3702,7,10,5,20,30,9,13,4d85e42700b89e4d30bd5af58fedd596f7d8861ce5017e33d90ad9128657732b,0,0.7,0.6666666666666666,1196.1,0.0
20,M,2025-II,6,13,15,15.2,188,2977,9,10,9,26,30,20,11,3f1cb438ed5837a002c765f86deee22b28d722878882389fc91cb56e90ff7239,0,0.9,0.8666666666666667,971.0,0.08
19,M,2025-II,13,12,17,10.4,113,1023,9,10,8,28,30,17,14,b2f4ec6217ed3c90198b44c0ea98fa15dc4db7c897cebccb8a8cc708e2e7d857,0,0.9,0.9333333333333333,354.5,0.0
19,F,2025-II,8,7,15,18.2,280,3240,7,10,11,18,30,12,10,86367270908d551eb26a9ca979cfd4f5743b400c35630a5e68e6d83bd939d602,1,0.7,0.6,1087.3,0.31
18,M,2025-II,15,16,12,12.9,322,3922,7,10,11,21,30,18,14,1d42056d6d33bcf285d01266b8cde8435558959544499974a3811505e39689cf,0,0.7,0.7,1308.6999999999998,0.04
19,F,2025-II,12,8,18,12.6,370,2544,7,10,5,29,30,13,13,2760286c49d92eb268dc6bd302452f19459ee86b8a36585b49f9b7c5ec3e08d5,0,0.7,0.9666666666666667,912.6999999999999,0.025
19,M,2025-II,5,8,17,11.5,345,3399,10,10,8,29,30,12,10,be6a12b0592131839ad71ab6a5f4f1f3821eafb56ae06c49b37f5271fb387144,1,1.0,0.9666666666666667,1160.1,0.82
17,F,2025-II,10,16,18,10.6,302,2879,7,10,4,25,30,14,15,a14ff8804ceff5c24965aa2e8acb4f6413e806c68796921e16c73ebfb152abf2,0,0.7,0.8333333333333334,985.6999999999999,0.01
19,M,2025-II,7,13,14,15.5,218,3630,10,10,6,29,30,19,11,d959cc9fd8a2a9fea8288d584b796e53753d0e99fb7d5645a673b14cc9b2fcef,0,1.0,0.9666666666666667,1178.0,0.035
17,M,2025-II,5,5,16,7.1,317,661,7,10,9,21,30,6,9,c868ef6b5ab1c980a25f139bcb410cc22ef891ec96cdc9dbde121b6f4f4b3502,1,0.7,0.7,327.79999999999995,0.83
17,F,2025-II,17,6,19,18.5,282,1961,8,10,5,25,30,15,14,64e1ff20d35ac2aadc6acdda29b19bf7d88fe5ca0cb02f5a6bd04a226ff0e425,0,0.8,0.8333333333333334,702.5999999999999,0.115
18,F,2025-II,12,13,19,14.8,109,3287,8,10,12,26,30,11,15,b610edaf01317ba6dc1cbd57d01affb8fe44f3bf800d3b7dc9648182a9ed4e03,0,0.8,0.8666666666666667,1033.3,0.005
18,M,2025-II,9,17,13,16.6,315,3227,7,10,5,28,30,20,13,86cc3c6674faf6ad5e6cc61e44f856384f91feab4d003e15e8bd8320bfe6a4fa,0,0.7,0.9333333333333333,1095.6,0.0
20,F,2025-II,11,17,12,14.8,149,2474,10,10,4,29,30,9,13,6d08b57da27485c9e182af3db82e8d564bfa84546beebc3e81b1612f32235678,0,1.0,0.9666666666666667,802.9999999999999,0.005
20,M,2025-II,12,13,14,8.3,60,1871,8,10,9,26,30,15,13,26bbfd3014dc95d1cdd521ea69ce140e47a3ee66c35dc4f3e80d4b65de26d34b,0,0.8,0.8666666666666667,588.0,0.01
20,M,2025-II,18,19,18,9.7,276,3383,7,10,8,22,30,11,18,17763017ff1046f12536856ccf0d52425761bc3f7adb74062d0b08de4b8e978b,0,0.7,0.7333333333333333,1127.7,0.0
21,F,2025-II,15,17,20,19.1,356,602,8,10,6,20,30,5,17,736768a400667688ed205ced0b9a6f453ed26f6487b7428875247bac42eceaba,0,0.8,0.6666666666666666,324.8,0.01
20,M,2025-II,8,9,18,11.7,280,1013,8,10,5,23,30,13,12,cd12e425c1377cd02509313ea6f90680ddfb15ceec2aca47f0bd53da3e204475,0,0.8,0.7666666666666667,417.4,0.125
19,F,2025-II,6,11,12,10.8,201,1060,8,10,10,22,30,8,10,4ee369599288c24740f1c7e274c4447b227d1c6aa4c37104f05c9240cffb5809,1,0.8,0.7333333333333333,401.4,0.63
20,M,2025-II,16,10,18,16.0,81,1390,9,10,9,21,30,10,15,1adfac26df783807a9254ed981f53e620f5cf5ee2c03d40291920e492b8905a7,0,0.9,0.7,452.1,0.0
18,F,2025-II,11,16,18,7.1,395,3482,7,10,8,27,30,14,15,abb55161fbd110bc18f4f3c8994b4dc0f3ba7ffac0bb7485f326f1c6041db869,0,0.7,0.9,1205.0,0.015
17,F,2025-II,11,18,15,6.0,336,1735,8,10,7,21,30,14,15,0be2a6855ce5647e55e495a8eefcd01f4e447f05bc55c45725003391496d2542,0,0.8,0.7,657.0,0.005
18,M,2025-II,15,16,12,6.7,153,1739,10,10,12,22,30,13,14,cfdf719c6c1d04a4ccf7a4322c63649f4bd8c5daac239bca8623766303ade162,0,1.0,0.7333333333333333,586.4999999999999,0.0
19,F,2025-II,7,9,12,9.2,178,3548,10,10,4,25,30,9,9,28449d8b06e0a6dc901fadebfa7d5ed6722f5694f982279ae240fbe6aaeed367,1,1.0,0.8333333333333334,1136.8,0.675
18,M,2025-II,5,9,20,18.2,218,746,8,10,7,27,30,5,11,43a64b6e1f18d537aadba611b84037e3000e0f9567bbf653211f5471ff6ecbba,0,0.8,0.9,313.09999999999997,0.265
20,M,2025-II,16,9,13,5.3,298,2703,9,10,8,24,30,10,13,d1df301334452c51e8fc3005a8d93fca2d6ac1bb50f8fba0d7d58bb061c8626e,0,0.9,0.8,932.5,0.0
17,F,2025-II,20,18,16,18.1,112,1171,8,10,10,29,30,17,18,243287dbb6c6806561c61f2027de0983df6396a4e64e7d66ce13b58520519194,0,0.8,0.9666666666666667,399.1,0.0
19,M,2025-II,7,13,12,7.2,351,3164,9,10,4,18,30,15,11,6b837476d179449f3b066e8660185e02134f2be7a1e4fc7952638c254d7cf0b3,0,0.9,0.6,1090.8,0.035
21,F,2025-II,7,19,16,10.8,217,1208,8,10,5,26,30,11,14,e19caae2d7a653d73e0ea47c7b7d2b3cec39efe97df564b49b1e3ac58738fd8e,0,0.8,0.8666666666666667,450.7,0.0
20,F,2025-II,6,18,14,12.1,220,2651,7,10,4,23,30,10,13,8a36974d63f13f329f1f209a61d86966434d580608f6cf93a2a119f3acb2956a,0,0.7,0.7666666666666667,884.5,0.015
21,M,2025-II,13,19,12,19.9,47,1526,9,10,6,30,30,18,15,9922ca0cc236675eb1b21ea52f4f9ba22134a6508f89d8bda76b6c76f6a67944,0,0.9,1.0,478.40000000000003,0.01
21,F,2025-II,10,9,14,15.9,121,1877,9,10,12,22,30,11,11,fd92804cf487e37618fce40f5416c865be058d0f79ad89e1d65111bd0a185842,0,0.9,0.7333333333333333,615.1,0.04
19,F,2025-II,15,9,19,11.2,275,3208,7,10,12,20,30,6,14,084879f56d9821d269f7cca59cecea05378356011339289b105ebb6dafa6a9a1,0,0.7,0.6666666666666666,1076.0,0.03
20,M,2025-II,14,16,15,15.9,299,936,10,10,7,30,30,10,15,ad8e92be7f65125a4bcd0c8eb3248005ed964deda3df2b653081a0b835959d12,0,1.0,1.0,402.5,0.03
20,F,2025-II,12,8,16,6.5,250,1465,9,10,9,25,30,12,12,b35b21c53aa348353c2887832b61be0f30af6d3e0b9b2ce0c57805479aa742a9,0,0.9,0.8333333333333334,542.2,0.035
17,M,2025-II,10,16,16,13.7,345,2407,9,10,5,25,30,10,14,42f875a189a066f495d1bbff47acda2e63b98d937f9f6fe86e398e829ff296be,0,0.9,0.8333333333333334,861.6,0.005
21,M,2025-II,19,8,15,18.5,365,2681,9,10,8,26,30,10,14,68d5469ed1e88b80f112fc31775f848728372236badf6a9f0dffdfb1c1c316d3,0,0.9,0.8666666666666667,952.6999999999999,0.01
21,M,2025-II,18,6,13,5.2,136,1780,10,10,6,18,30,10,12,49a3d7bcf7643a2e7f5027285196e81151f12f1e9dabf89c3e3be4ca36f35aeb,0,1.0,0.6,590.2,0.04
19,F,2025-II,7,8,14,9.9,373,2999,10,10,12,22,30,11,10,f2c8e0c8eaa9b575015ffb1d51c2d9961ebd6082f350618b87e3bbd0ac9a8004,1,1.0,0.7333333333333333,1052.5,0.44
21,F,2025-II,7,12,13,6.5,155,3537,7,10,9,28,30,5,11,ba47168e4ab13aa744ca5c194bbeede87502a06297754a8ca1bb3daad80d1be1,0,0.7,0.9333333333333333,1125.8,0.025
17,F,2025-II,14,6,16,5.7,276,1296,9,10,5,30,30,20,12,a8a4a90033fe9feb9f36103bd2284e66f399364b418992a97d696a103afebb37,0,0.9,1.0,500.70000000000005,0.07
19,F,2025-II,15,6,15,18.7,58,3911,8,10,5,30,30,18,12,252805cc860d73d3a1e1dfccb0bd85b1fd3b99408b7d54f33ec801a2346d9248,0,0.8,1.0,1198.0,0.055
21,M,2025-II,12,11,18,18.9,239,3162,9,10,5,24,30,15,14,773b0ee2bde16c22e1880a572b2ec8db44ddf380ea92ccdd10943883b744562d,0,0.9,0.8,1045.6999999999998,0.01
19,M,2025-II,7,8,18,18.8,61,2698,9,10,7,22,30,17,11,46bab3575dda1b4ce7fec436bc328c02771042466b59eddcdf656e349beaa392,0,0.9,0.7333333333333333,835.9,0.145
21,F,2025-II,9,11,16,20.6,128,2344,10,10,10,30,30,17,12,3fdfe25e72ce4ab1418663678bbd60e97abf3f73e2abcaac2b4a2da17b91f27c,0,1.0,1.0,757.4,0.075
19,M,2025-II,11,13,12,5.8,301,2454,7,10,12,30,30,11,12,e3723957091da306bf78d146d9bb30dc30dd350c1e345100afb8870a3f821b4a,0,0.7,1.0,860.1999999999999,0.005
20,F,2025-II,18,6,17,14.1,291,2030,10,10,6,28,30,11,14,44c6d9cba4e53b007e1c0a8abb86e7011f402248bd40847d5d11fb26128ece7a,0,1.0,0.9333333333333333,727.2,0.015
21,F,2025-II,14,8,20,18.8,389,2925,10,10,6,23,30,19,14,d9960a683d55c857e95531837368e41c747f58f4268a104ec617f8ef0b3bd72d,0,1.0,0.7666666666666667,1034.9,0.055
19,M,2025-II,8,7,20,5.4,94,3333,10,10,4,26,30,11,12,de2dc495ba76286c2e213590f1f2b17b18155d6f252675d3d350bed76c43daf5,0,1.0,0.8666666666666667,1038.7,0.19
19,M,2025-II,17,20,16,10.2,343,1171,9,10,7,29,30,9,18,a31c41e1a8758b0e9213597b5778126d0f2c54b9eab9d86f283ab595a1336e97,0,0.9,0.9666666666666667,490.6,0.0
17,F,2025-II,6,7,20,19.9,252,3498,10,10,4,23,30,12,11,e4b87e9fdba56d9e3a6c80ec930994ae858cc6bd9100787df3c00485b2a426c4,0,1.0,0.7666666666666667,1151.3999999999999,0.19
18,M,2025-II,12,5,13,19.6,283,2662,9,10,9,25,30,13,10,a184041b08446272a205e52ed7bed016599ccbff4601332d3aed872d6b9ba35f,1,0.9,0.8333333333333334,914.5,0.65
21,F,2025-II,20,19,12,14.9,79,1240,10,10,4,28,30,18,17,ccf502ab7309b81b9cc248137923330a52e6840240884d2820439ebcb226bf1d,0,1.0,0.9333333333333333,404.8,0.005
19,M,2025-II,10,5,13,7.9,205,865,7,10,10,30,30,10,9,d38168d908cef7c89403f9a6e768ac8b78870c24f591036f2516075b69802a38,1,0.7,1.0,344.5,0.385
18,M,2025-II,7,7,18,9.6,61,2409,7,10,11,26,30,15,11,6e31e76d0c5ea356811edaeba2d4b319f7cdb6d9dda1150b5eef4cc26b5e531b,0,0.7,0.8666666666666667,750.4,0.13
17,M,2025-II,7,5,12,6.4,299,2686,7,10,7,23,30,20,8,98a4b9dbffdebdf5974f3acc74b4a7411cb445b2f0bbc9814c43a0d266e7ae48,1,0.7,0.7666666666666667,927.5,0.825
21,F,2025-II,18,8,14,8.4,371,938,10,10,10,23,30,13,13,2dd624a3464ba6b06a61cab90b417280c53ac1a5ec40019d9324267d8330bc65,0,1.0,0.7666666666666667,432.79999999999995,0.075
17,M,2025-II,11,7,12,8.2,200,1546,7,10,5,23,30,20,10,3737c9cb21bda1bed0da6948e0848db378480726a1a827cd7ea704f184055267,1,0.7,0.7666666666666667,545.3,0.685
21,F,2025-II,17,20,12,9.7,312,1293,8,10,6,27,30,9,16,5e64fb78b382099732de9186da69ed7243aabcdff54766dddb373ea59ce841b5,0,0.8,0.9,514.5,0.0
21,M,2025-II,5,5,16,16.3,252,607,7,10,6,22,30,16,9,2425c4834ab8c57b3b52cc1609bdd21d207d2cf10cddd74d46a56b77cd93fdfa,1,0.7,0.7333333333333333,284.7,0.795
17,M,2025-II,5,5,12,9.4,142,827,10,10,4,22,30,11,7,5e80556e458a4bbe0c86e63fb8da56bdbd13179c16e87c189e357c65528bff32,1,1.0,0.7333333333333333,306.1,0.66
21,M,2025-II,15,11,18,10.4,199,2796,7,10,11,20,30,16,15,ee2804655e49e5c89c8adab135ea028e3ffc0462f821f1422bf73eaa0beed8c3,0,0.7,0.6666666666666666,921.6999999999999,0.0
20,F,2025-II,18,19,20,13.2,87,3089,10,10,6,24,30,7,19,9296865d087a32f4c166fc62ef81fbdc97400efbfec2c45b6a321e25e81bf4c3,0,1.0,0.8,963.3,0.0
17,M,2025-II,16,6,20,10.1,180,2935,10,10,4,30,30,6,14,6b2d74afb4a4d52e5b56c5c7f9d2cb707299eb2a1c1aca45cf0596aa720c0fee,0,1.0,1.0,953.7,0.025
20,F,2025-II,10,18,13,17.1,123,2358,10,10,4,28,30,8,14,2652502964ea55160cb072b405c4bce538a4898a29a5d8fd0e5da355094ab732,0,1.0,0.9333333333333333,757.8,0.015
17,M,2025-II,14,19,19,17.0,108,1385,10,10,12,29,30,11,17,ba259c20ac1c496b54d653d3ec8eff9cc86c7279287c0135452ed82d4a613e04,0,1.0,0.9666666666666667,462.3,0.0
20,F,2025-II,19,7,15,15.5,98,2137,9,10,6,28,30,19,14,98c0717bcd2a5a430cd2fdde4bb8d8e131ef761d964faeae2d32677bae129ae8,0,0.9,0.9333333333333333,682.1,0.03
21,M,2025-II,7,20,14,7.0,378,1361,9,10,4,26,30,12,14,5d1022e5108144ffd4fd5b4e800c22adbd29febb3ed92ce6582fc4b880e3d318,0,0.9,0.8666666666666667,560.7,0.015
17,M,2025-II,9,17,17,10.8,372,2770,7,10,9,27,30,19,14,b6453e2815a12c991aafb7efd45dd64d706863762a15ac69e9e0c80b0fe56a22,0,0.7,0.9,982.5,0.005
18,F,2025-II,5,20,14,8.9,365,3381,10,10,5,22,30,16,13,b32b3a1d36a03fc79950541a115e87690f7d3473d2f84a9c4b7e5689121beee8,0,1.0,0.7333333333333333,1161.8,0.165
17,M,2025-II,20,16,15,19.5,56,3923,8,10,7,19,30,14,17,91f130f4f84a73407433d4380a1e7b22be4d714955e1854b9b7c5e4a7b97f051,0,0.8,0.6333333333333333,1201.3999999999999,0.065
21,M,2025-II,11,15,15,16.5,107,2587,7,10,6,19,30,17,14,10dc4d2ead1481b75df89483bec7f5163c4054d94e6d934b7db6adf355be590b,0,0.7,0.6333333333333333,820.7,0.0
17,F,2025-II,13,16,20,9.6,183,734,8,10,10,25,30,8,16,621c28216b570f2520b67b6b71f8e411cc2f7e0488630da518913767ce27fca7,0,0.8,0.8333333333333334,296.4,0.0
17,M,2025-II,8,14,18,16.8,106,2240,10,10,9,26,30,14,13,62935c6e3b07f98a1b82e603e5dc3aafe46e1e149042d4ba7256d4f60f49c8ad,0,1.0,0.8666666666666667,717.1,0.02
20,M,2025-II,14,9,12,10.6,117,612,7,10,5,21,30,14,12,573ae0560c93e61ab6625489ba99f55d47734e3b6de5319e48e2718364495ad7,0,0.7,0.7,231.9,0.045
19,F,2025-II,17,9,18,18.9,210,2824,7,10,6,19,30,5,15,91b9c054122577e96d46a8f8806b89da3640f2ad1ea3a49a92490a7a9f244251,0,0.7,0.6333333333333333,932.9999999999999,0.025
